stock_id,stock_name
3450,聯鈞
3669,圓展
8499,鼎炫-KY
6165,浪凡
2459,敦吉
2614,東森
1453,大將
1443,立益
2429,銘旺科
6165,浪凡
2241,艾姆勒
1456,怡華
6431,光麗-KY
6431,光麗-KY
2495,普安
2340,台亞
6869,雲豹能源-創
6873,泓德能源-創
2432,倚天
8462,柏文
2739,寒舍
2712,遠雄來
2722,夏都
2723,美食-KY
9943,好樂迪
2727,王品
2753,八方雲集
2731,雄獅
2748,雲品
2707,晶華
5706,鳳凰
2702,華園
8940,新天地
2701,萬企
2704,國賓
2705,六福
2706,第一店
8478,東哥遊艇
9930,中聯資源
8454,富邦媒
3708,上緯投控
6689,伊雲谷
8438,昶昕
9934,成霖
8462,柏文
8473,山林水
3054,立萬利
4536,拓凱
8467,波力-KY
1598,岱宇
3557,嘉威
6807,峰源-KY
2062,橋椿
3054,立萬利
9955,佳龍
9935,慶豐富
3708,上緯投控
2442,新美齊
5306,桂盟
1432,大魯閣
6754,匯僑設計
1439,雋揚
1736,喬山
1736,喬山
6165,浪凡
6641,基士德-KY
8341,日友
8422,可寧衛
6768,志強-KY
1472,三洋實業
6689,伊雲谷
3130,一零四
3130,一零四
1598,岱宇
2424,隴華
9904,寶成
6671,三能-KY
6670,復盛應用
9924,福興
8482,商億-KY
6581,鋼聯
9921,巨大
9802,鈺齊-KY
2442,新美齊
6806,森崴能源
8464,億豐
9910,豐泰
9911,櫻花
9914,美利達
6869,雲豹能源
6873,泓德能源
6757,台灣虎航-創
4733,上緯
4733,上緯
1715,萬洲
1311,福聚
1606,歌林
1716,永信
1729,必翔
1523,開億
1601,台光
1230,聯成食
6924,榮惠-KY創
3697,F-晨星
3697,F-晨星
3584,介面
6951,青新-創
3474,華亞科
3271,其樂達
1107,建台
1520,復盛
3474,華亞科
5264,鎧勝-KY
5280,F-敦泰
3271,其樂達
5280,F-敦泰
3584,介面
2341,英群
6949,沛爾生醫-創
3559,全智科
2350,環電
2350,環電
2341,英群
2254,巨鎧精密-創
020022,元大電動車N
6119,大傳
2358,廷鑫
3614,誠致
3614,誠致
3367,英華達
3367,英華達
6969,成信實業*-創
6172,互億
6012,金鼎證
8008,建興電
3638,F-IML
8008,建興電
6988,威力暘-創
6902,GOGOLOOK-創
8078,華寶
8078,華寶
2315,神達
3638,F-IML
6119,大傳
6004,元京證
3599,旺能
2258,鴻華先進-創
2336,致伸
2336,致伸
020002,元富新中國N
2315,神達
020004,兆豐電菁英30N
3599,旺能
020005,永豐外資50N
3534,雷凌
020007,凱基臺灣500N
1262,綠悅-KY
3534,雷凌
020008,元大特股高息N
3598,奕力
3598,奕力
020006,永昌中小300N
5854,合庫
6534,正瀚-創
2361,鴻友
3020,奇普仕
3020,奇普仕
00743,國泰中國A150
00742,新光內需收益
3009,奇美電
3009,奇美電
00732,國泰RMB短期報酬
3007,綠點
910069,新曄
9101,福雷電
9102,東亞科
9103,美德醫療-DR
910322,康師傅-DR
9104,萬宇科
910482,聖馬丁-DR
9105,泰金寶-DR
6645,金萬林-創
2526,大陸
00767,FH美國金融股
6702,興航
2473,思源
2473,思源
6286,立錡
0081,恒香港
0080,恒中國
6286,立錡
2479,和立
910579,歐聖
2361,鴻友
8487,愛爾達-創
2494,廣業科
00776,新光ICE美國權值
8497,格威傳媒
6422,君耀-KY
6423,億而得-創
2494,廣業科
2469,力信
9106,新焦點-DR
910801,金衛-DR
916665,爾必達
9188,精熙-DR
9801,力霸
9915,億豐
9922,優美
2807,竹商銀
2827,中聯
2831,中華銀
0060,新台灣
2833,台壽保
2837,萬泰銀
2847,大眾銀
2854,寶來證
9157,陽光能源-DR
9151,旺旺
913889,大成糖
9136,巨騰-DR
910861,神州-DR
910948,融達
9110,越南控-DR
911201,僑威控
911602,華豐泰
911606,超級
911608,明輝-DR
911609,揚子江
910708,恒大健-DR
911610,聯環
911612,滬安
911616,杜康-DR
911619,耀傑-DR
911622,泰聚亨-DR
911626,MSH-DR
911868,同方友友-DR
912000,晨訊科-DR
912398,友佳-DR
911611,中泰山-DR
2469,力信
8480,泰昇-KY
3573,穎台
2411,飛瑞
2411,飛瑞
00866,新光Shiller CAPE
2456,奇力新
3142,遠茂
2418,雅新
3061,璨圓
3061,璨圓
2452,乾坤
6771,平和環保-創
2432,倚天酷碁-創
2452,乾坤
6251,定穎
6255,奈普
6255,奈普
8427,基勝-KY
2437,旺詮
00906,大華元宇宙科技50
3063,飛信
3080,威力盟
3080,威力盟
2443,昶虹
2446,全懋
2446,全懋
3063,飛信
2447,鼎新
6280,崇貿
3573,穎台
2447,鼎新
3150,鈺寶-創
2403,友尚
6794,向榮生技-創
2463,研揚
2463,研揚
2391,合勤
2403,友尚
2391,合勤
8162,微矽電子-創
2381,華宇
3053,鼎營
2381,華宇
2384,勝華
2396,精碟
3053,鼎營
2384,勝華
8199,廣鎵
3214,元砷
6854,錼創科技-KY創
8199,廣鎵
2396,精碟
020015,統一MSCI美低波N
020016,統一MSCI美科技N
1507,永大
1716,永信
1729,必翔
5264,鎧勝-KY
3315,宣昶
2437,旺詮
5259,奕智博
2325,矽品
2311,日月光
3519,綠能
6422,君耀-KY
2499,東貝
6251,定穎
3536,誠創
3383,新世紀
6131,鈞泰
6145,勁永
5305,敦南
3561,昇陽光電
3698,隆達
6172,互億
3559,全智科
3579,尚志
2448,晶電
6289,華上
2456,奇力新
4984,科納-KY
2475,華映
3514,昱晶
6902,GOGOLOOK-創
6145,勁永
3315,宣昶
00925,新光標普電動車
1613,台一
020018,統一價值成長30N
020019,統一特選台灣5GN
6288,聯嘉
1902,台紙
2841,台開
2311,日月光
2325,矽品
3682,亞太電
2499,東貝
2448,晶電
2475,華映
5259,奕智博
3383,新世紀
6131,鈞泰
3514,昱晶
6289,華上
3561,昇陽光電
3698,隆達
3579,尚志
4144,康聯-KY
5305,敦南
1704,榮化
1701,中化
6452,康友-KY
4725,信昌化
4141,龍燈-KY
3519,綠能
3536,誠創
1724,台硝
1469,理隆
0059,富邦金融
008201,BP上證50
00649,FH香港
00667,元大韓國
0058,富邦發達
0054,元大台商50
3682,亞太電
4984,科納-KY
1592,英瑞-KY
4144,康聯-KY
4141,龍燈-KY
6452,康友-KY
1704,榮化
1701,中化
1724,台硝
4725,信昌化
2888,新光金
2856,元富證
2823,中壽
2936,客思達-KY
4961,天鈺
6277,宏正
4968,立積
6277,宏正
4967,十銓
4967,十銓
6278,台表科
6278,台表科
4961,天鈺
4960,誠美材
6285,啟碁
4956,光鋐
6285,啟碁
4952,凌通
4956,光鋐
4958,臻鼎-KY
4960,誠美材
6283,淳安
6282,康舒
6282,康舒
6281,全國電
6281,全國電
4952,凌通
4958,臻鼎-KY
6525,捷敏-KY
6525,捷敏-KY
6283,淳安
4968,立積
4770,上品
5203,訊連
6533,晶心科
5007,三星
4999,鑫禾
6257,矽格
6239,力成
6239,力成
6533,晶心科
6243,迅杰
5203,訊連
6243,迅杰
4999,鑫禾
6257,矽格
4977,眾達-KY
4977,眾達-KY
6269,台郡
4976,佳凌
4976,佳凌
6526,達發
6271,同欣電
6271,同欣電
6526,達發
6269,台郡
6531,愛普*
4994,傳奇
4994,傳奇
4989,榮科
4989,榮科
6531,愛普*
6477,安集
6472,保瑞
4766,南寶
6505,台塑化
4912,聯德控股-KY
4915,致伸
6472,保瑞
4915,致伸
4916,事欣科
6464,台數科
6451,訊芯-KY
6451,訊芯-KY
6456,GIS-KY
6456,GIS-KY
6504,南六
4919,新唐
4919,新唐
4916,事欣科
4912,聯德控股-KY
6477,安集
4807,日成-KY
4904,遠傳
4771,望隼
4771,望隼
4770,上品
4927,泰鼎-KY
6491,晶碩
6491,晶碩
4904,遠傳
4766,南寶
4906,正文
4906,正文
4755,三福化
6449,鈺邦
6423,億而得-創
6423,億而得-創
4942,嘉彰
4763,材料*-KY
4943,康控-KY
6423,億而得-創
4943,康控-KY
4949,有成精密
4949,有成精密
6416,瑞祺電通
6416,瑞祺電通
6415,矽力*-KY
6405,悅城
6405,悅城
6515,穎崴
6409,旭隼
4755,三福化
6412,群電
6412,群電
6414,樺漢
6414,樺漢
6415,矽力*-KY
6409,旭隼
4942,嘉彰
6426,統新
6426,統新
4934,太極
6442,光聖
6442,光聖
4764,雙鍵
6443,元晶
6446,藥華藥
4930,燦星網
6446,藥華藥
4927,泰鼎-KY
6443,元晶
6449,鈺邦
4935,茂林-KY
4935,茂林-KY
6515,穎崴
4763,材料*-KY
6431,光麗-KY
6438,迅得
6431,光麗-KY
4938,和碩
4764,雙鍵
6438,迅得
4938,和碩
4934,太極
6214,精誠
6108,競國
6112,邁達特
6112,邁達特
6108,競國
6115,鎰勝
6116,彩晶
6116,彩晶
6117,迎廣
6117,迎廣
6115,鎰勝
5434,崇越
5434,崇越
5388,中磊
5388,中磊
6133,金橋
6133,金橋
6136,富爾特
6136,富爾特
6139,亞翔
6141,柏承
6141,柏承
6142,友勁
6142,友勁
6139,亞翔
6128,上福
6120,達運
6120,達運
6128,上福
5525,順天
5522,遠雄
5871,中租-KY
5876,上海商銀
5519,隆大
5880,合庫金
5521,工信
5515,建國
5531,鄉林
5607,遠雄港
5608,四維航
5706,鳳凰
5538,東明-KY
5534,長虹
5533,皇鼎
5546,永固-KY
5484,慧友
5471,松翰
5471,松翰
5484,慧友
5469,瀚宇博
5469,瀚宇博
5906,台南-KY
5907,大洋-KY
6005,群益證
6024,群益期
6235,華孚
6209,今國光
6213,聯茂
6213,聯茂
6209,今國光
6214,精誠
6215,和椿
6215,和椿
6216,居易
6216,居易
5244,弘凱
5244,弘凱
6206,飛捷
6197,佳必琪
5258,虹堡
6197,佳必琪
6201,亞弘電
6201,亞弘電
6202,盛群
6205,詮欣
6205,詮欣
6206,飛捷
6202,盛群
5258,虹堡
5243,乙盛-KY
5222,全訊
5222,全訊
6226,光鼎
5215,科嘉-KY
6230,尼得科超眾
5215,科嘉-KY
6235,華孚
6230,尼得科超眾
5243,乙盛-KY
6226,光鼎
5225,東科-KY
5234,達興材料
5234,達興材料
6225,天瀚
6224,聚鼎
6224,聚鼎
5225,東科-KY
6225,天瀚
6196,帆宣
6196,帆宣
6164,華興
6164,華興
5292,華懋
6165,浪凡
5288,豐祥-KY
6166,凌華
6166,凌華
6168,宏齊
6168,宏齊
6152,百一
6152,百一
6153,嘉聯益
6153,嘉聯益
6155,鈞寶
6155,鈞寶
5306,桂盟
5285,界霖
5269,祥碩
5269,祥碩
6189,豐藝
6189,豐藝
6191,精成科
6192,巨路
6192,巨路
6191,精成科
6176,瑞儀
5285,界霖
5284,jpp-KY
6176,瑞儀
5283,禾聯碩
6177,達麗
6183,關貿
6183,關貿
6184,大豐電
0050,元大台灣50
6768,志強-KY
6534,正瀚-創
7799,禾榮科
7799,禾榮科
8011,台通
8011,台通
8016,矽創
8070,長華*
8070,長華*
8072,陞泰
8072,陞泰
8081,致新
8081,致新
8021,尖點
8021,尖點
8028,昇陽半導體
8028,昇陽半導體
8033,雷虎
8016,矽創
8039,台虹
8045,達運光電
8045,達運光電
8046,南電
8046,南電
8039,台虹
7705,三商餐飲
7721,微程式
7722,LINEPAY
7631,聚賢研發-創
7631,聚賢研發-創
7631,聚賢研發-創
7610,聯友金屬-創
7610,聯友金屬-創
7765,中華資安
7780,大研生醫
7732,金興精密
7736,虎山
7740,熙特爾-創
7740,熙特爾-創
7749,意騰-KY
7749,意騰-KY
7750,新代
8499,鼎炫-KY
8926,台汽電
8499,鼎炫-KY
8488,吉源-KY
8487,愛爾達-創
8442,威宏-KY
8443,阿瘦
8454,富邦媒
8462,柏文
8940,新天地
8463,潤泰材
8466,美吉吉-KY
8467,波力-KY
8473,山林水
8476,台境*
8478,東哥遊艇
8481,政伸
8482,商億-KY
8487,愛爾達-創
8464,億豐
8438,昶昕
8996,高力
9934,成霖
9935,慶豐富
9937,全國
9938,百和
9939,宏全
9940,信義
9941,裕融
9942,茂順
9943,好樂迪
9944,新麗
9945,潤泰新
9946,三發地產
9955,佳龍
9958,世紀鋼
9933,中鼎
9931,欣高
9930,中聯資源
9929,秋雨
9802,鈺齊-KY
9902,台火
9904,寶成
9905,大華
9906,欣巴巴
9907,統一實
9908,大台北
9910,豐泰
9911,櫻花
9912,偉聯
9914,美利達
9917,中保科
9918,欣天然
9919,康那香
9921,巨大
9924,福興
9925,新保
9926,新海
9927,泰銘
9928,中視
9912,偉聯
8131,福懋科
8131,福懋科
8150,南茂
8150,南茂
8162,微矽電子-創
8162,微矽電子-創
8162,微矽電子-創
8163,達方
8163,達方
8201,無敵
8201,無敵
8210,勤誠
8210,勤誠
8114,振樺電
8114,振樺電
8101,華冠
8101,華冠
8103,瀚荃
8213,志超
8103,瀚荃
8104,錸寶
8105,凌巨
8105,凌巨
8110,華東
8110,華東
8112,至上
8112,至上
8104,錸寶
8213,志超
8215,明基材
8215,明基材
8367,建新國際
8374,羅昇
8404,百和興業-KY
8411,福貞-KY
8422,可寧衛
8429,金麗-KY
8222,寶一
8249,菱光
8249,菱光
8261,富鼎
8261,富鼎
8271,宇瞻
8271,宇瞻
8341,日友
6534,正瀚-創
6691,洋基工程
6691,洋基工程
6695,芯鼎
6695,芯鼎
6698,旭暉應材
6698,旭暉應材
6706,惠特
6706,惠特
6689,伊雲谷
6666,羅麗芬-KY
6666,羅麗芬-KY
6668,中揚光
6668,中揚光
6669,緯穎
6715,嘉基
6669,緯穎
6671,三能-KY
6672,騰輝電子-KY
6672,騰輝電子-KY
6674,鋐寶科技
6674,鋐寶科技
6670,復盛應用
6658,聯策
6715,嘉基
6719,力智
6753,龍德造船
6754,匯僑設計
6756,威鋒電子
6756,威鋒電子
6757,台灣虎航
6770,力積電
6770,力積電
6771,平和環保-創
6771,平和環保-創
6776,展碁國際
6719,力智
6742,澤米
6742,澤米
6743,安普新
6743,安普新
6776,展碁國際
6658,聯策
6657,華安
6573,虹揚-KY
6573,虹揚-KY
6579,研揚
6579,研揚
6581,鋼聯
6582,申豐
6585,鼎基
6534,正瀚-創
6541,泰福-KY
6541,泰福-KY
6589,台康生技
6550,北極星藥業-KY
6550,北極星藥業-KY
6552,易華電
6552,易華電
6558,興能高
6558,興能高
6657,華安
6589,台康生技
6591,動力-KY
6625,必應
6641,基士德-KY
6645,金萬林-創
6645,金萬林-創
6645,金萬林-創
6655,科定
6591,動力-KY
6592,和潤企業
6598,ABC-KY
6598,ABC-KY
6605,帝寶
6606,建德工業
6781,AES-KY
6781,AES-KY
6918,愛派司
6919,康霈*
6919,康霈*
6923,中台
6924,榮惠-KY創
6924,榮惠-KY創
6924,榮惠-KY創
6928,攸泰科技
6928,攸泰科技
6931,青松健康
6931,青松健康
6933,AMAX-KY
6933,AMAX-KY
6918,愛派司
6916,華凌
6916,華凌
6887,寶綠特-KY
6890,來億-KY
6901,鑽石投資
6902,GOGOLOOK
6906,現觀科
6909,創控
6909,創控
6914,阜爾運通
6936,永鴻生技
6937,天虹
6969,成信實業*-創
6969,成信實業*-創
6988,威力暘-創
6988,威力暘-創
6994,富威電力
6965,中傑-KY
6962,奕力-KY
6962,奕力-KY
6937,天虹
6944,兆聯實業
6949,沛爾生醫-創
6949,沛爾生醫-創
6936,永鴻生技
6949,沛爾生醫-創
6951,青新-創
6952,大武山
6955,邦睿生技-創
6955,邦睿生技-創
6955,邦睿生技-創
6957,裕慶-KY
6958,日盛台駿
6951,青新-創
6885,全福生技
6885,全福生技
6805,富世達
6806,森崴能源
6807,峰源-KY
6830,汎銓
6805,富世達
6799,來頡
6782,視陽
6782,視陽
6789,采鈺
6789,采鈺
6790,永豐實
6830,汎銓
6792,詠業
6794,向榮生技-創
6794,向榮生技-創
6794,向榮生技-創
6796,晉弘
6796,晉弘
6799,來頡
6792,詠業
6861,睿生光電
6862,三集瑞-KY
6862,三集瑞-KY
6863,永道-KY
6863,永道-KY
6869,雲豹能源
6861,睿生光電
6873,泓德能源
6834,天二科技
6834,天二科技
6835,圓裕
6835,圓裕
6838,台新藥
6838,台新藥
6854,錼創科技-KY創
6854,錼創科技-KY創
6854,錼創科技-KY創
4746,台耀
3711,日月光投控
1789,神隆
1789,神隆
1795,美時
1795,美時
1802,台玻
1805,寶徠
1806,冠軍
1808,潤隆
1809,中釉
1810,和成
1817,凱撒衛
1903,士紙
1904,正隆
1905,華紙
1906,寶隆
1907,永豐餘
1909,榮成
2002,中鋼
1786,科妍
1786,科妍
1733,五鼎
1734,杏輝
1734,杏輝
1735,日勝化
1735,日勝化
1736,喬山
1737,臺鹽
1752,南光
1752,南光
1760,寶齡富錦
2006,東和鋼鐵
1760,寶齡富錦
1762,中化生
1773,勝一
1773,勝一
1776,展宇
1776,展宇
1783,和康生
1783,和康生
1762,中化生
1733,五鼎
2007,燁興
2009,第一銅
2069,運錩
2101,南港
2102,泰豐
2103,台橡
2104,國際中橡
2105,正新
2106,建大
2107,厚生
2108,南帝
2109,華豐
2114,鑫永銓
2115,六暉-KY
2201,裕隆
2204,中華
2206,三陽工業
2207,和泰車
2062,橋椿
2010,春源
2012,春雨
2013,中鋼構
2014,中鴻
2015,豐興
2017,官田鋼
2020,美亞
2022,聚亨
2023,燁輝
2024,志聯
2025,千興
2008,高興昌
2027,大成鋼
2029,盛餘
2030,彰源
2031,新光鋼
2032,新鋼
2033,佳大
2034,允強
2038,海光
2049,上銀
2059,川湖
2059,川湖
2028,威致
2208,台船
1732,毛寶
1731,美吾華
1539,巨庭
1540,喬福
1541,錩泰
1558,伸興
1560,中砂
1563,巧新
1568,倉佑
1582,信錦
1582,信錦
1583,程泰
1587,吉茂
1589,永冠-KY
1590,亞德客-KY
1538,正峰
1537,廣隆
1536,和大
1535,中宇
1503,士電
1504,東元
1506,正道
1512,瑞利
1513,中興電
1514,亞力
1515,力山
1516,川飛
1517,利奇
1519,華城
1597,直得
1521,大億
1524,耿鼎
1525,江申
1526,日馳
1527,鑽全
1528,恩德
1529,樂事綠能
1530,亞崴
1531,高林股
1532,勤美
1533,車王電
1522,堤維西
1732,毛寶
1598,岱宇
1603,華電
1714,和桐
1714,和桐
1717,長興
1717,長興
1718,中纖
1718,中纖
1720,生達
1720,生達
1721,三晃
1721,三晃
1722,台肥
1722,台肥
1723,中碳
1723,中碳
1725,元禎
1725,元禎
1726,永記
1726,永記
1727,中華化
1727,中華化
1730,花仙子
1730,花仙子
1731,美吾華
1713,國化
1713,國化
1712,興農
1712,興農
1604,聲寶
1605,華新
1608,華榮
1609,大亞
1611,中電
1612,宏泰
1614,三洋電
1615,大山
1616,億泰
1617,榮星
1618,合機
1702,南僑
1707,葡萄王
1707,葡萄王
1708,東鹼
1708,東鹼
1709,和益
1709,和益
1710,東聯
1710,東聯
1711,永光
1711,永光
1626,艾美特-KY
2211,長榮鋼
2227,裕日車
2393,億光
2393,億光
2395,研華
2395,研華
2397,友通
2397,友通
2399,映泰
2399,映泰
2401,凌陽
2401,凌陽
2402,毅嘉
2402,毅嘉
2404,漢唐
2404,漢唐
2405,輔信
2405,輔信
2406,國碩
2406,國碩
2408,南亞科
2408,南亞科
2409,友達
2409,友達
2412,中華電
2392,正崴
2392,正崴
2390,云辰
2390,云辰
2373,震旦行
2373,震旦行
2374,佳能
2374,佳能
2375,凱美
2375,凱美
2376,技嘉
2376,技嘉
2377,微星
2377,微星
2379,瑞昱
2412,中華電
2379,瑞昱
2380,虹光
2382,廣達
2382,廣達
2383,台光電
2383,台光電
2385,群光
2385,群光
2387,精元
2387,精元
2388,威盛
2388,威盛
2380,虹光
2371,大同
2413,環科
2414,精技
2431,聯昌
2432,倚天酷碁-創
2432,倚天酷碁-創
2432,倚天酷碁-創
2433,互盛電
2433,互盛電
2434,統懋
2434,統懋
2436,偉詮電
4746,台耀
2438,翔耀
2438,翔耀
2439,美律
2439,美律
2440,太空梭
2440,太空梭
2441,超豐
2441,超豐
2442,新美齊
2444,兆勁
2444,兆勁
2449,京元電子
2449,京元電子
2431,聯昌
2430,燦坤
2430,燦坤
2429,銘旺科
2414,精技
2415,錩新
2415,錩新
2417,圓剛
2417,圓剛
2419,仲琦
2419,仲琦
2420,新巨
2420,新巨
2421,建準
2421,建準
2413,環科
2423,固緯
2424,隴華
2424,隴華
2425,承啟
2425,承啟
2426,鼎元
2426,鼎元
2427,三商電
2427,三商電
2428,興勤
2428,興勤
2429,銘旺科
2423,固緯
2369,菱生
2369,菱生
2368,金像電
2305,全友
2305,全友
2308,台達電
2308,台達電
2312,金寶
2312,金寶
2313,華通
2313,華通
2314,台揚
2314,台揚
2316,楠梓電
2316,楠梓電
2317,鴻海
2317,鴻海
2321,東訊
2321,東訊
2323,中環
2323,中環
2324,仁寶
2324,仁寶
2327,國巨*
2327,國巨*
2328,廣宇
2303,聯電
2303,聯電
2302,麗正
2302,麗正
2228,劍麟
2231,為升
2233,宇隆
2236,百達-KY
2239,英利-KY
2241,艾姆勒
2243,宏旭-KY
2328,廣宇
2247,汎德永業
2250,IKKA-KY
2254,巨鎧精密-創
2254,巨鎧精密-創
2258,鴻華先進-創
2258,鴻華先進-創
2301,光寶科
2301,光寶科
2248,華勝-KY
2329,華泰
2329,華泰
2330,台積電
2353,宏碁
2354,鴻準
2354,鴻準
2355,敬鵬
2355,敬鵬
2356,英業達
2356,英業達
2357,華碩
2357,華碩
2359,所羅門
2359,所羅門
2353,宏碁
2360,致茂
2362,藍天
2362,藍天
2363,矽統
2363,矽統
2364,倫飛
2364,倫飛
2365,昆盈
2365,昆盈
2367,燿華
2367,燿華
2368,金像電
2360,致茂
1477,聚陽
2352,佳世達
2351,順德
2330,台積電
2331,精英
2331,精英
2332,友訊
2332,友訊
2337,旺宏
2337,旺宏
2338,光罩
2338,光罩
2340,台亞
2340,台亞
2352,佳世達
2342,茂矽
2344,華邦電
2344,華邦電
2345,智邦
2345,智邦
2347,聯強
2347,聯強
2348,海悅
2349,錸德
2349,錸德
2351,順德
2342,茂矽
1476,儒鴻
1475,業旺
1474,弘裕
00783,富邦中証500
00830,國泰費城半導體
00739,元大MSCI A股
00752,中信中國50
00762,元大全球AI
00770,國泰北美科技
00771,元大US高息特別股
00757,統一FANG+
00891,中信關鍵半導體
00892,富邦台灣半導體
00893,國泰智能電動車
00894,中信小資高價30
00895,富邦未來車
00896,中信綠能及電動車
00897,富邦基因免疫生技
00898,國泰基因免疫革命
00899,FT潔淨能源
00900,富邦特選高股息30
00901,永豐智能車供應鏈
00902,中信電池及儲能
00903,富邦元宇宙
00904,新光臺灣半導體30
00905,FT臺灣Smart
00907,永豐優息存股
00908,富邦入息REITs+
00909,國泰數位支付服務
00910,第一金太空衛星
00911,兆豐洲際半導體
00912,中信臺灣智慧50
00913,兆豐台灣晶圓製造
00885,富邦越南
00850,元大臺灣ESG永續
00851,台新全球AI
00861,元大全球未來通訊
00875,國泰網路資安
00876,元大全球5G
00878,國泰永續高股息
00881,國泰台灣科技龍頭
00882,中信中國高股息
00737,國泰AI機器人
00736,國泰新興市場
00735,國泰臺韓科技
00643,群益深証中小
00645,富邦日本
00646,元大S&P500
00652,富邦印度
00657,國泰日經225
00660,元大歐洲50
00661,元大日經225
00662,富邦NASDAQ
00668,國泰美國道瓊
00639,富邦深100
0051,元大中型100
0052,富邦科技
0053,元大電子
0055,元大MSCI金融
0056,元大高股息
0057,富邦摩台
0061,元大寶滬深
006203,元大MSCI台灣
006204,永豐臺灣加權
006205,富邦上証
006206,元大上證50
006208,富邦台50
00636,國泰中國A50
006207,復華滬深
00709,富邦歐洲
00712,復華富時不動產
00713,元大台灣高息低波
00714,群益道瓊美國地產
00717,富邦美國特別股
00703,台新MSCI中國
00728,第一金工業30
00730,富邦臺灣優質高息
00731,復華富時高息低波
00733,富邦臺灣中小
00915,凱基優選高股息30
00702,國泰標普低波高息
00700,富邦恒生國企
00678,群益那斯達克生技
00701,國泰股利精選30
00690,兆豐藍籌30
00692,富邦公司治理
2450,神腦
00916,國泰全球品牌50
00918,大華優利高填息30
1301,台塑
1303,南亞
1304,台聚
1305,華夏
1307,三芳
1308,亞聚
1309,台達化
1310,台苯
1312,國喬
1313,聯成
1314,中石化
1315,達新
1316,上曜
1319,東陽
1321,大洋
1323,永裕
1324,地球
1325,恆大
1109,信大
1110,東泥
1201,味全
1203,味王
1210,大成
1213,大飲
1215,卜蜂
1216,統一
1217,愛之味
1218,泰山
1219,福壽
1326,台化
1220,台榮
1227,佳格
1229,聯華
1231,聯華食
1232,大統益
1233,天仁
1234,黑松
1235,興泰
1236,宏亞
1256,鮮活果汁-KY
1225,福懋油
1108,幸福
1338,廣華-KY
1446,宏和
1447,力鵬
1449,佳和
1451,年興
1452,宏益
1453,大將
1454,台富
1455,集盛
1456,怡華
1457,宜進
1459,聯發
1460,宏遠
1463,強盛新
1464,得力
1465,偉全
1466,聚隆
1467,南緯
1468,昶和
1470,大統新創
1471,首利
1471,首利
1472,三洋實業
1473,台南
1445,大宇
1444,力麗
1443,立益物流
1442,名軒
1339,昭輝
1340,勝悅-KY
1341,富林-KY
1342,八貫
1402,遠東新
1409,新纖
1410,南染
1413,宏洲
1414,東和
1416,廣豐
1337,再生-KY
1417,嘉裕
1419,新紡
1423,利華
1432,大魯閣
1434,福懋
1435,中福
1436,華友聯
1437,勤益控
1438,三地開發
1439,雋揚
1440,南紡
1441,大東
1418,東華
1104,環泥
1103,嘉泥
1102,亞泥
00949,復華日本龍頭
00951,台新日本半導體
00952,凱基台灣AI50
00954,中信日本半導體
00956,中信日經高股息
00960,野村全球航運龍頭
00961,FT臺灣永續高息
00962,台新AI優息動能
00963,中信全球高股息
00964,中信亞太高股息
00965,元大航太防衛科技
00947,台新臺灣IC設計
00946,群益科技高息成長
00944,野村趨勢動能高息
00919,群益台灣精選高息
00920,富邦ESG綠色電力
00921,兆豐龍頭等權重
00922,國泰台灣領袖50
00923,群益台ESG低碳50
00924,復華S&P500成長
00926,凱基全球菁英55
00927,群益半導體收益
00929,復華台灣科技優息
00930,永豐ESG低碳高息
00971,野村美國研發龍頭
00934,中信成長高股息
00935,野村臺灣新科技50
00936,台新永續高息中小
00938,凱基優選30
00939,統一台灣高息動能
00940,元大台灣價值高息
00941,中信上游半導體
00943,兆豐電子高息等權
00932,兆豐永續高息等權
00972,野村日本動能高息
009800,中信NASDAQ
009801,中信美國創新科技
020020,元大台股領航N
020028,元大特選電動車N
020029,元大ESG高股息N
020030,統一智慧電動車N
020012,富邦行動通訊N
020031,統一IC設計臺灣N
020034,元大IC設計N
020036,元大金融配息N
020037,元大金融高股息N
020038,元大ESG配息N
020039,元大加權N
1101,台泥
020032,元大綠能N
00917,中信特選金融
020011,統一微波高息20N
020000,富邦特選蘋果N
009802,富邦旗艦50
009803,保德信市值動能50
009804,聯邦台精彩50
009805,新光美國電力基建
009808,華南永昌優選50
009810,保德信全球藍籌
009811,統一美國50
2450,神腦
2436,偉詮電
2451,創見
3563,牧德
3563,牧德
3576,聯合再生
3576,聯合再生
3583,辛耘
3583,辛耘
3588,通嘉
3588,通嘉
3591,艾笛森
3591,艾笛森
3592,瑞鼎
3592,瑞鼎
3593,力銘
3593,力銘
3557,嘉威
3528,安馳
3530,晶相光
3530,晶相光
3532,台勝科
3532,台勝科
3533,嘉澤
3533,嘉澤
3535,晶彩科
3535,晶彩科
3543,州巧
3543,州巧
3545,敦泰
3545,敦泰
3550,聯穎
3550,聯穎
3528,安馳
3596,智易
3653,健策
3661,世芯-KY
3661,世芯-KY
3665,貿聯-KY
3665,貿聯-KY
3669,圓展
3669,圓展
3673,TPK-KY
3673,TPK-KY
3679,新至陞
3679,新至陞
3686,達能
3686,達能
3653,健策
3652,精聯
3652,精聯
3605,宏致
3605,宏致
3607,谷崧
3607,谷崧
3617,碩天
3617,碩天
3596,智易
3622,洋華
3645,達邁
3645,達邁
3622,洋華
3356,奇偶
3356,奇偶
3376,新日興
3376,新日興
3380,明泰
3380,明泰
3406,玉晶光
3406,玉晶光
3413,京鼎
3413,京鼎
3416,融程電
3346,麗清
3338,泰碩
3296,勝德
3296,勝德
3305,昇貿
3305,昇貿
3308,聯德
3308,聯德
3311,閎暉
3416,融程電
3311,閎暉
2451,創見
3321,同泰
3321,同泰
3338,泰碩
3312,弘憶股
3419,譁裕
3494,誠研
3494,誠研
3501,維熹
3501,維熹
3504,揚明光
3504,揚明光
3515,華擎
3515,華擎
3518,柏騰
3518,柏騰
3481,群創
3432,台端
3432,台端
3437,榮創
3437,榮創
3443,創意
3443,創意
3419,譁裕
3447,展達
3450,聯鈞
3450,聯鈞
3454,晶睿
3454,晶睿
3481,群創
3447,展達
4536,拓凱
4540,全球傳動
4545,銘鈺
4545,銘鈺
4551,智伸科
4552,力達-KY
4555,氣立
4557,永新-KY
4532,瑞智
4426,利勤
4438,廣越
4439,冠星-KY
4560,強信-KY
4440,宜新實業
4526,東台
4441,振大環球
4414,如興
4720,德淵
4720,德淵
4722,國精化
4722,國精化
4736,泰博
4736,泰博
4737,華廣
4737,華廣
4739,康普
4739,康普
4564,元翎
4566,時碩工業
4569,六方科-KY
4571,鈞興-KY
4572,駐龍
4576,大銀微系統
4562,穎漢
4581,光隆精密-KY
4583,台灣精銳
4588,玖鼎電力
4588,玖鼎電力
4104,佳醫
4104,佳醫
4106,雃博
4106,雃博
4108,懷特
4108,懷特
4119,旭富
4119,旭富
3717,聯嘉投控
3716,中化控股
3716,中化控股
3715,定穎投控
3694,海華
3694,海華
3701,大眾控
3701,大眾控
3702,大聯大
3702,大聯大
3703,欣陸
3704,合勤控
3704,合勤控
3705,永信
3705,永信
3706,神達
3708,上緯投控
3711,日月光投控
3712,永崴投控
3712,永崴投控
3714,富采
3714,富采
3715,定穎投控
3706,神達
4190,佐登-KY
4190,佐登-KY
4306,炎洲
4133,亞諾法
4133,亞諾法
4137,麗豐-KY
4137,麗豐-KY
4142,國光生
4142,國光生
4148,全宇生技-KY
4148,全宇生技-KY
4155,訊映
4155,訊映
4164,承業醫
4164,承業醫
3312,弘憶股
2727,王品
2731,雄獅
2739,寒舍
2748,雲品
2753,八方雲集
2723,美食-KY
2722,夏都
2614,東森
2615,萬海
2616,山隆
2617,台航
2618,長榮航
2630,亞航
2633,台灣高鐵
2634,漢翔
2636,台驊控股
2637,慧洋-KY
2645,長榮航太
2646,星宇航空
2701,萬企
2702,華園
2704,國賓
2705,六福
2706,第一店
2707,晶華
2712,遠雄來
2642,宅配通
2613,中櫃
2801,彰銀
2885,元大金
2886,兆豐金
2887,台新新光金
2890,永豐金
2891,中信金
2892,第一金
2897,王道銀行
2901,欣欣
2903,遠百
2904,匯僑
2905,三商
2906,高林
2908,特力
2884,玉山金
2883,凱基金
2809,京城銀
2812,台中銀
2816,旺旺保
2820,華票
2832,台產
2834,臺企銀
2836,高雄銀
2838,聯邦銀
2845,遠東銀
2762,世界健身-KY
2849,安泰銀
2851,中再保
2852,第一保
2855,統一證
2867,三商壽
2880,華南金
2881,富邦金
2882,國泰金
2850,新產
2910,統領
2612,中航
2610,華航
2471,資通
2471,資通
2472,立隆電
2472,立隆電
2474,可成
2474,可成
2476,鉅祥
2476,鉅祥
2477,美隆電
2477,美隆電
2478,大毅
2478,大毅
2480,敦陽科
2480,敦陽科
2481,強茂
2481,強茂
2482,連宇
2482,連宇
2483,百容
2483,百容
2484,希華
2484,希華
2485,兆赫
2468,華經
2468,華經
2467,志聖
2467,志聖
2453,凌群
2453,凌群
2454,聯發科
2454,聯發科
2455,全新
2455,全新
2457,飛宏
2457,飛宏
2458,義隆
2458,義隆
2459,敦吉
2485,兆赫
2459,敦吉
2460,建通
2461,光群雷
2461,光群雷
2462,良得電
2462,良得電
2464,盟立
2464,盟立
2465,麗臺
2465,麗臺
2466,冠西電
2466,冠西電
2460,建通
2611,志信
2486,一詮
2488,漢平
2530,華建
2534,宏盛
2535,達欣工
2536,宏普
2537,聯上發
2538,基泰
2539,櫻花建
2540,愛山林
2542,興富發
2543,皇昌
2545,皇翔
2546,根基
2547,日勝生
2548,華固
2597,潤弘
2601,益航
2603,長榮
2605,新興
2606,裕民
2607,榮運
2608,嘉里大榮
2609,陽明
2528,皇普
2527,宏璟
2524,京城
2520,冠德
2488,漢平
2489,瑞軒
2489,瑞軒
2491,吉祥全
2491,吉祥全
2492,華新科
2492,華新科
2493,揚博
2493,揚博
2495,普安
2495,普安
2486,一詮
2496,卓越
2498,宏達電
2498,宏達電
2501,國建
2504,國產
2505,國揚
2506,太設
2509,全坤建
2511,太子
2514,龍邦
2515,中工
2516,新建
2497,怡利電
2911,麗嬰房
2889,國票金
2913,農林
3094,聯傑
3130,一零四
3135,凌航
3135,凌航
3138,耀登
3138,耀登
3149,正達
3149,正達
3150,鈺寶-創
3150,鈺寶-創
3150,鈺寶-創
3094,聯傑
3092,鴻碩
3092,鴻碩
3056,富華新
3057,喬鼎
3057,喬鼎
3058,立德
3058,立德
3059,華晶科
3059,華晶科
3060,銘異
3060,銘異
3062,建漢
3062,建漢
2912,統一超
3090,日電貿
3090,日電貿
3229,晟鈦
3229,晟鈦
3231,緯創
3231,緯創
3257,虹冠電
3257,虹冠電
3266,昇陽
3055,蔚華科
3164,景岳
3164,景岳
3167,大量
3168,眾福科
3168,眾福科
3189,景碩
3209,全科
3209,全科
3189,景碩
3055,蔚華科
3052,夆典
3010,華立
3011,今皓
3011,今皓
3013,晟銘電
3013,晟銘電
3014,聯陽
3014,聯陽
3015,全漢
3015,全漢
3054,立萬利
3016,嘉晶
3017,奇鋐
3017,奇鋐
3018,隆銘綠能
3018,隆銘綠能
3019,亞光
3019,亞光
3021,鴻名
3021,鴻名
3022,威強電
3022,威強電
3023,信邦
3023,信邦
3010,華立
3008,大立光
3008,大立光
3006,晶豪科
2915,潤泰全
2923,鼎固-KY
2929,淘帝-KY
2939,永邑-KY
3024,憶聲
3002,歐格
3002,歐格
3003,健和興
3003,健和興
3004,豐達科
3005,神基
3005,神基
3006,晶豪科
2945,三商家購
3024,憶聲
3016,嘉晶
3025,星通
3040,遠見
3041,揚智
3041,揚智
3042,晶技
3042,晶技
3043,科風
3043,科風
3044,健鼎
3044,健鼎
3045,台灣大
3045,台灣大
3046,建碁
3025,星通
3047,訊舟
3047,訊舟
3048,益登
3048,益登
3049,精金
3049,精金
3050,鈺德
3050,鈺德
3051,力特
3051,力特
3038,全台
3038,全台
3046,建碁
3037,欣興
3037,欣興
3026,禾伸堂
3026,禾伸堂
3027,盛達
3027,盛達
3028,增你強
3029,零壹
3029,零壹
3030,德律
3030,德律
3031,佰鴻
3031,佰鴻
3028,增你強
3032,偉訓
3032,偉訓
3036,文曄
3036,文曄
3035,智原
3035,智原
3034,聯詠
3034,聯詠
3033,威健
3033,威健
