date,stock_id,Trading_Volume,Trading_money,open,max,min,close,spread,Trading_turnover,volume,high,low,MA5,MA20,Volume_avg
2023-09-19,9921,2115333,397918731,189.0,191.0,186.0,186.5,-2.5,2276,2115333,191.0,186.0,186.5,186.5,2115333.0
2023-09-20,9921,1757757,321109499,187.0,187.0,180.5,181.5,-5.0,2503,1757757,187.0,180.5,184.0,184.0,1936545.0
2023-09-21,9921,1297551,233386571,181.5,182.0,178.5,179.0,-2.5,1547,1297551,182.0,178.5,182.33333333333334,182.33333333333334,1723547.0
2023-09-22,9921,1259798,228394111,180.0,183.5,178.0,182.5,3.5,1348,1259798,183.5,178.0,182.375,182.375,1607609.75
2023-09-25,9921,1906343,349018803,183.0,184.5,181.0,183.0,0.5,881,1906343,184.5,181.0,182.5,182.5,1667356.4
2023-09-26,9921,992620,178969120,181.0,182.5,179.0,180.5,-2.5,1325,992620,182.5,179.0,181.3,182.16666666666666,1554900.3333333333
2023-09-27,9921,1870525,333102827,180.0,180.0,176.5,178.0,-2.5,2156,1870525,180.0,176.5,180.6,181.57142857142858,1599989.5714285714
2023-09-28,9921,1081498,193115172,178.5,180.0,177.5,178.5,0.5,1273,1081498,180.0,177.5,180.5,181.1875,1535178.125
2023-10-02,9921,819322,149212250,179.0,184.0,178.5,182.5,4.0,981,819322,184.0,178.5,180.5,181.33333333333334,1455638.5555555555
2023-10-03,9921,940512,169899784,181.0,181.5,180.0,180.0,-2.5,1338,940512,181.5,180.0,179.9,181.2,1404125.9
2023-10-04,9921,1490361,267200885,178.5,182.0,176.5,180.0,0.0,1682,1490361,182.0,176.5,179.8,181.0909090909091,1411965.4545454546
2023-10-05,9921,1066729,192662257,183.0,183.0,179.5,179.5,-0.5,1150,1066729,183.0,179.5,180.1,180.95833333333334,1383195.75
2023-10-06,9921,1013479,181625576,180.0,181.5,178.0,179.0,-0.5,1303,1013479,181.5,178.0,180.2,180.80769230769232,1354756.0
2023-10-11,9921,2339791,414576617,181.0,181.0,176.0,177.0,-2.0,2693,2339791,181.0,176.0,179.1,180.53571428571428,1425115.642857143
2023-10-12,9921,1581026,278573671,177.5,178.5,175.0,176.5,-0.5,1701,1581026,178.5,175.0,178.4,180.26666666666668,1435509.6666666667
2023-10-13,9921,941822,166329135,176.5,177.5,175.5,176.0,-0.5,1314,941822,177.5,175.5,177.6,180.0,1404654.1875
2023-10-16,9921,1289158,224521085,176.0,176.5,173.0,174.0,-2.0,1730,1289158,176.5,173.0,176.5,179.64705882352942,1397860.294117647
2023-10-17,9921,1222339,211384165,175.0,175.0,172.0,172.0,-2.0,1784,1222339,175.0,172.0,175.1,179.22222222222223,1388109.111111111
2023-10-18,9921,1747561,302585662,173.0,175.0,171.5,172.5,0.5,1622,1747561,175.0,171.5,174.2,178.8684210526316,1407027.6315789474
2023-10-19,9921,1688157,287999961,172.0,172.5,170.0,170.0,-2.5,2127,1688157,172.5,170.0,172.9,178.425,1421084.1
2023-10-20,9921,1445973,243940108,169.0,170.0,167.5,168.5,-1.5,1865,1445973,170.0,167.5,171.4,177.525,1387616.1
2023-10-23,9921,1075414,182566711,168.0,171.5,168.0,169.0,0.5,1189,1075414,171.5,168.0,170.4,176.9,1353498.95
2023-10-24,9921,937935,159411319,169.5,171.5,168.0,170.5,1.5,1136,937935,171.5,168.0,170.1,176.475,1335518.15
2023-10-25,9921,795810,135836509,170.5,171.5,170.0,170.0,-0.5,997,795810,171.5,170.0,169.6,175.85,1312318.75
2023-10-26,9921,2088526,346710829,168.5,169.0,165.0,165.0,-5.0,3176,2088526,169.0,165.0,168.6,174.95,1321427.9
2023-10-27,9921,556350,92523264,165.5,167.0,165.5,166.0,1.0,881,556350,167.0,165.5,168.1,174.225,1299614.4
2023-10-30,9921,1173860,193631550,166.0,167.5,163.5,165.5,-0.5,1726,1173860,167.5,163.5,167.4,173.6,1264781.15
2023-10-31,9921,1557324,253956271,164.0,165.0,161.0,163.0,-2.5,2537,1557324,165.0,161.0,165.9,172.825,1288572.45
2023-11-01,9921,1604396,257854070,162.5,163.0,160.0,160.0,-3.0,2371,1604396,163.0,160.0,163.9,171.7,1327826.15
2023-11-02,9921,1489730,241741159,161.0,164.0,160.5,162.5,2.5,1482,1489730,164.0,160.5,163.4,170.825,1355287.05
2023-11-03,9921,2872293,490386849,164.0,172.5,163.5,172.5,10.0,2842,2872293,172.5,163.5,164.7,170.45,1424383.65
2023-11-06,9921,2662246,462638652,173.5,176.5,170.5,173.5,1.0,2610,2662246,176.5,170.5,166.3,170.15,1504159.5
2023-11-07,9921,1034333,177295708,173.5,174.0,170.0,171.0,-2.5,1405,1034333,174.0,170.0,167.9,169.75,1505202.2
2023-11-08,9921,1202104,207709704,171.5,175.0,170.0,171.0,0.0,1348,1202104,175.0,170.0,170.1,169.45,1448317.85
2023-11-09,9921,1135680,193640372,173.0,173.0,169.0,170.0,-1.0,1212,1135680,173.0,169.0,171.6,169.125,1426050.55
2023-11-10,9921,1615464,271685945,169.0,170.0,167.0,168.5,-1.5,1794,1615464,170.0,167.0,170.8,168.75,1459732.65
2023-11-13,9921,1890624,312214672,169.0,169.5,164.0,165.0,-3.5,2814,1890624,169.5,164.0,169.1,168.3,1489805.95
2023-11-14,9921,2105242,343119175,165.0,165.0,162.0,163.0,-2.0,2497,2105242,165.0,162.0,167.5,167.85,1533951.1
2023-11-15,9921,5237949,871504632,162.5,172.0,160.5,171.0,8.0,4860,5237949,172.0,160.5,167.5,167.775,1708470.5
2023-11-16,9921,5290563,926048099,170.0,179.5,169.0,174.5,3.5,4916,5290563,179.5,169.0,168.4,168.0,1888590.8
2023-11-17,9921,2965254,516405088,174.5,178.0,172.5,173.5,-1.0,2843,2965254,178.0,172.5,169.4,168.25,1964554.85
2023-11-20,9921,2513736,434634048,175.0,175.5,170.5,175.5,2.0,2088,2513736,175.5,170.5,171.5,168.575,2036470.95
2023-11-21,9921,1866621,327201557,175.5,176.5,173.5,175.5,0.0,1858,1866621,176.5,173.5,174.0,168.825,2082905.25
2023-11-22,9921,1700731,296071574,176.0,176.5,172.5,173.5,-2.0,1829,1700731,176.5,172.5,174.5,169.0,2128151.3
2023-11-23,9921,1455514,253427399,173.5,175.0,172.5,175.0,1.5,1259,1455514,175.0,172.5,174.6,169.5,2096500.7
2023-11-24,9921,2041976,353959202,175.0,175.5,172.0,173.5,-1.5,2141,2041976,175.5,172.0,174.6,169.875,2170782.0
2023-11-27,9921,1516923,262885518,173.0,175.0,172.0,173.5,0.0,1485,1516923,175.0,172.0,174.2,170.275,2187935.15
2023-11-28,9921,6494561,1187762305,173.5,187.5,173.0,185.5,12.0,6118,6494561,187.5,173.0,176.2,171.4,2434797.0
2023-11-29,9921,4513634,835192230,187.5,189.0,182.5,185.5,0.0,3801,4513634,189.0,182.5,178.6,172.675,2580258.9
2023-11-30,9921,32843889,6223518939,185.0,190.0,182.5,190.0,4.5,6096,32843889,190.0,182.5,181.6,174.05,4147966.85
2023-12-01,9921,4132854,766832324,189.0,189.0,183.0,184.5,-5.5,4716,4132854,189.0,183.0,183.8,174.65,4210994.9
2023-12-04,9921,1723874,321762478,184.5,188.5,183.5,187.5,3.0,1712,1723874,188.5,183.5,186.6,175.35,4164076.3
2023-12-05,9921,1299360,242482980,187.0,188.5,185.0,186.5,-1.0,1604,1299360,188.5,185.0,186.8,176.125,4177327.65
2023-12-06,9921,857568,158967804,187.0,187.5,184.5,185.0,-1.5,1134,857568,187.5,184.5,186.7,176.825,4160100.85
2023-12-07,9921,1173995,214982399,185.5,185.5,182.0,182.0,-3.0,1564,1173995,185.5,182.0,185.1,177.425,4162016.6
2023-12-08,9921,1370262,250377201,183.5,184.0,180.5,184.0,2.0,1468,1370262,184.0,180.5,185.0,178.2,4149756.5
2023-12-11,9921,1222775,221430616,184.5,184.5,180.0,180.5,-3.5,1561,1222775,184.5,180.0,183.6,178.975,4116364.05
2023-12-12,9921,1420074,253473419,182.5,182.5,176.0,177.0,-3.5,2109,1420074,182.5,176.0,181.7,179.675,4082105.65
2023-12-13,9921,890931,158991715,178.5,181.0,177.0,177.0,0.0,1071,890931,181.0,177.0,180.1,179.975,3864754.75
2023-12-14,9921,1097959,195710214,179.0,179.5,177.0,178.0,1.0,1230,1097959,179.5,177.0,179.3,180.15,3655124.55
2023-12-15,9921,1788825,324401407,179.0,183.0,178.5,181.5,3.5,1712,1788825,183.0,178.5,178.8,180.55,3596303.1
2023-12-18,9921,3397285,626214076,182.0,187.5,181.0,184.0,2.5,3176,3397285,187.5,181.0,179.5,180.975,3640480.55
2023-12-19,9921,1286321,235923476,184.0,185.5,181.5,182.5,-1.5,1420,1286321,185.5,181.5,180.6,181.325,3611465.55
2023-12-20,9921,1352164,249500957,183.5,186.0,182.5,184.0,1.5,1472,1352164,186.0,182.5,182.0,181.85,3594037.2
2023-12-21,9921,1079297,196672511,183.0,184.0,181.0,181.5,-2.5,1147,1079297,184.0,181.0,182.7,182.175,3575226.35
2023-12-22,9921,884692,161130029,182.0,183.5,181.5,181.5,0.0,758,884692,183.5,181.5,182.7,182.575,3517362.15
2023-12-25,9921,979482,181441073,183.5,186.5,183.0,186.0,4.5,1241,979482,186.5,183.0,183.1,183.2,3490490.1
2023-12-26,9921,662566,123030816,186.0,187.0,185.0,186.0,0.0,870,662566,187.0,185.0,183.8,183.225,3198890.35
2023-12-27,9921,1073136,200494477,186.0,188.0,184.5,187.0,1.0,1255,1073136,188.0,184.5,184.4,183.3,3026865.45
2023-12-28,9921,1152794,212736832,187.0,187.0,183.0,184.5,-2.5,1340,1152794,187.0,183.0,185.0,183.025,1442310.7
2023-12-29,9921,430265,79381080,184.5,185.5,183.5,184.0,-0.5,615,430265,185.5,183.5,185.5,183.0,1257181.25
2024-01-02,9921,673366,124788333,184.5,187.0,184.5,185.5,1.5,778,673366,187.0,184.5,185.4,182.9,1204655.85
2024-01-03,9921,909952,166171454,184.0,184.5,181.0,181.5,-4.0,1392,909952,184.5,181.0,184.5,182.65,1185185.45
2024-01-04,9921,906073,162726245,181.5,181.5,178.5,179.5,-2.0,1328,906073,181.5,178.5,183.0,182.375,1187610.7
2024-01-05,9921,825448,148405021,180.0,180.5,178.5,180.0,0.5,827,825448,180.5,178.5,182.1,182.275,1170183.35
2024-01-08,9921,627359,113278875,180.5,182.0,179.5,181.0,1.0,696,627359,182.0,179.5,181.5,182.125,1133038.2
2024-01-09,9921,426559,77685934,182.0,183.0,181.5,182.0,1.0,576,426559,183.0,181.5,180.8,182.2,1093227.4
2024-01-10,9921,828175,148380122,181.5,181.5,178.0,179.5,-2.5,1173,828175,181.5,178.0,180.4,182.325,1063632.45
2024-01-11,9921,5390941,932447063,175.5,176.0,170.0,175.0,-4.5,5314,5390941,176.0,170.0,179.5,182.225,1288632.95
2024-01-12,9921,929131,163294439,175.0,178.0,174.5,175.0,0.0,1188,929131,178.0,174.5,178.5,182.075,1280191.55
2024-01-15,9921,653275,113789488,176.5,176.5,173.0,173.5,-1.5,1151,653275,176.5,173.0,177.0,181.675,1223414.05
2024-01-16,9921,1236996,211366814,172.5,172.5,170.0,170.0,-3.5,2068,1236996,172.5,170.0,174.6,180.975,1115399.6
2024-01-17,9921,2567083,430382695,170.0,170.0,166.5,167.0,-3.0,3465,2567083,170.0,166.5,172.1,180.2,1179437.7
2024-01-18,9921,1404848,233661403,167.5,169.0,165.0,166.5,-0.5,1888,1404848,169.0,165.0,170.4,179.325,1182071.9
2024-01-19,9921,922644,154158275,166.5,168.0,166.0,167.0,0.5,1090,922644,168.0,166.0,168.8,178.6,1174239.25
2024-01-22,9921,781486,133103206,168.0,171.0,168.0,171.0,4.0,976,781486,171.0,168.0,168.3,178.075,1169078.95
2024-01-23,9921,918041,159222139,171.0,174.5,171.0,174.5,3.5,1071,918041,174.5,171.0,169.2,177.5,1166006.9
2024-01-24,9921,3224431,581641442,178.0,182.5,177.5,179.5,5.0,2833,3224431,182.5,177.5,171.7,177.175,1294100.15
2024-01-25,9921,1551738,273537346,179.5,180.0,174.5,175.5,-4.0,4848,1551738,180.0,174.5,173.5,176.6,1318030.25
2024-01-26,9921,900116,161044558,176.5,180.0,176.5,179.0,3.5,1099,900116,180.0,176.5,175.9,176.325,1305396.35
2024-01-29,9921,875538,158387652,180.0,181.5,180.0,181.5,2.5,1126,875538,181.5,180.0,178.0,176.2,1327660.0
2024-01-30,9921,1005187,179387416,181.5,181.5,177.0,178.0,-3.5,1264,1005187,181.5,177.0,178.7,175.825,1344251.05
2024-01-31,9921,604039,107853213,179.0,180.0,177.0,178.5,0.5,683,604039,180.0,177.0,178.5,175.675,1328955.4
2024-02-01,9921,971969,175867164,179.5,182.0,179.5,180.5,2.0,1123,971969,182.0,179.5,179.5,175.725,1332250.2
2024-02-02,9921,411225,74179990,181.0,181.5,179.5,180.0,-0.5,1089,411225,181.5,179.5,179.7,175.725,1311539.05
2024-02-05,9921,889637,160155061,178.5,181.5,178.5,180.0,0.0,1004,889637,181.5,178.5,179.4,175.675,1324652.95
2024-02-15,9921,2296698,421179146,180.0,185.5,180.0,185.0,5.0,2114,2296698,185.5,180.0,180.8,175.825,1418159.9
2024-02-16,9921,9803587,1919341935,186.5,203.0,185.5,202.0,17.0,7628,9803587,203.0,185.5,185.5,176.95,1866930.5
2024-02-19,9921,3435442,685038334,200.0,202.0,195.5,201.0,-1.0,5707,3435442,202.0,195.5,189.6,178.25,1769155.55
2024-02-20,9921,1801039,359631381,200.0,202.5,198.0,199.0,-2.0,8620,1801039,202.5,198.0,193.4,179.45,1812750.95
2024-02-21,9921,1172632,232079951,200.0,200.5,196.0,196.5,-2.5,14929,1172632,200.5,196.0,196.7,180.6,1838718.8
2024-02-22,9921,1105195,216616466,196.0,198.0,192.5,195.5,-1.0,4552,1105195,198.0,192.5,198.8,181.875,1832128.75
2024-02-23,9921,1740333,346058932,195.0,200.5,194.5,200.0,4.5,3074,1740333,200.5,194.5,198.4,183.525,1790791.25
2024-02-26,9921,1701224,338956709,200.0,201.5,197.0,199.0,-1.0,4114,1701224,201.5,197.0,198.0,185.15,1805610.05
2024-02-27,9921,1947499,386599820,198.5,200.5,195.5,199.5,0.5,2877,1947499,200.5,195.5,198.1,186.775,1856852.8
2024-02-29,9921,4816829,982985611,199.5,207.5,199.0,204.0,4.5,5630,4816829,207.5,199.0,199.6,188.425,2058619.95
2024-03-01,9921,1663009,337767785,203.0,205.0,200.0,203.0,-1.0,3788,1663009,205.0,200.0,201.1,189.85,2095868.35
2024-03-04,9921,2319921,469976388,202.5,204.5,201.0,201.0,-2.0,1998,2319921,204.5,201.0,201.3,190.925,2050642.85
2024-03-05,9921,2736205,556303251,204.0,206.5,201.0,202.0,1.0,2733,2736205,206.5,201.0,201.9,192.25,2109866.2
2024-03-06,9921,5287610,1112237246,203.5,214.0,202.5,209.0,7.0,5120,5287610,214.0,202.5,203.8,193.75,2329240.9
2024-03-07,9921,7636119,1667930216,214.5,223.5,211.5,221.5,12.5,12953,7636119,223.5,211.5,207.3,195.75,2667269.95
2024-03-08,9921,5084854,1109641432,222.0,224.5,213.5,215.5,-6.0,17913,5084854,224.5,213.5,209.8,197.625,2871253.3
2024-03-11,9921,3136227,687058437,215.5,223.0,215.0,217.5,2.0,6150,3136227,223.0,215.0,213.1,199.575,2997862.7
2024-03-12,9921,2834425,613725523,216.0,219.0,213.5,215.5,-2.0,5224,2834425,219.0,213.5,215.8,201.325,3090985.5
2024-03-13,9921,2711343,574150424,215.0,215.0,209.0,212.5,-3.0,4412,2711343,215.0,209.0,216.5,202.95,3205991.4
2024-03-14,9921,2944189,615036484,210.5,211.5,205.0,211.0,-1.5,4553,2944189,211.5,205.0,214.4,204.5,3308719.0
2024-03-15,9921,2109275,444489976,211.0,213.0,208.0,209.0,-2.0,2834,2109275,213.0,208.0,213.1,205.7,3299347.85
2024-03-18,9921,2317328,491876584,213.0,217.5,209.5,214.0,5.0,3108,2317328,217.5,209.5,212.4,206.3,2925034.9
2024-03-19,9921,4110434,903412111,216.0,222.5,214.5,220.0,6.0,4339,4110434,222.5,214.5,213.3,207.25,2958784.5
2024-03-20,9921,7736368,1762194105,220.0,235.0,217.5,229.5,9.5,10884,7736368,235.0,217.5,216.7,208.775,3255550.95
2024-03-21,9921,4370178,1004398545,235.0,237.5,224.5,227.5,-2.0,14059,4370178,237.5,224.5,220.0,210.325,3415428.25
2024-03-22,9921,4131340,913409117,227.5,227.5,218.0,222.0,-5.5,4321,4131340,227.5,218.0,222.6,211.65,3566735.5
2024-03-25,9921,2477353,540938082,224.0,224.0,216.0,219.0,-3.0,2981,2477353,224.0,216.0,223.6,212.6,3603586.5
2024-03-26,9921,1958244,426456873,220.0,222.5,214.0,216.0,-3.0,2129,1958244,222.5,214.0,222.8,213.45,3616437.5
2024-03-27,9921,3451233,759108344,214.5,224.0,213.0,224.0,8.0,5251,3451233,224.0,213.0,221.7,214.675,3691624.2
2024-03-28,9921,3266758,736839928,224.0,228.5,222.0,225.0,1.0,3335,3266758,228.5,222.0,221.2,215.725,3614120.65
2024-03-29,9921,8109770,1780148689,228.0,229.0,215.5,217.5,-7.5,12183,8109770,229.0,215.5,220.3,216.45,3936458.7
2024-04-01,9921,4019664,850731119,218.0,219.0,209.0,209.0,-8.5,4135,4019664,219.0,209.0,218.3,216.85,4021445.85
2024-04-02,9921,2316776,480318548,210.0,211.0,205.5,207.5,-1.5,2615,2316776,211.0,205.5,216.6,217.125,4000474.4
2024-04-03,9921,1279435,262592864,207.0,207.0,204.0,204.5,-3.0,1541,1279435,207.0,204.0,212.7,216.9,3800065.65
2024-04-08,9921,2778699,585769533,206.5,213.0,205.0,210.5,6.0,2407,2778699,213.0,205.0,209.8,216.35,3557194.65
2024-04-09,9921,1174004,248142628,210.0,213.0,207.5,212.5,2.0,2356,1174004,213.0,207.5,208.8,216.2,3361652.15
2024-04-10,9921,1465368,307013064,212.5,212.5,208.0,209.0,-3.5,1822,1465368,212.5,208.0,208.8,215.775,3278109.2
2024-04-11,9921,5669259,1258977849,213.0,227.5,212.0,223.5,14.5,5016,5669259,227.5,212.0,212.0,216.175,3419850.9
2024-04-12,9921,4045647,911957929,220.5,229.5,220.0,225.0,1.5,13192,4045647,229.5,220.0,216.1,216.8,3486566.1
2024-04-15,9921,2554603,574706015,225.5,228.0,219.0,227.5,2.5,5586,2554603,228.0,219.0,219.5,217.625,3467086.8
2024-04-16,9921,2621643,582224709,224.5,225.0,219.0,222.5,-5.0,5028,2621643,225.0,219.0,221.5,218.3,3492705.2
2024-04-17,9921,1276035,282394946,223.0,225.0,219.0,219.0,-3.5,8977,1276035,225.0,219.0,223.5,218.55,3440640.55
2024-04-18,9921,2036828,456919151,218.0,228.0,217.0,225.0,6.0,3416,2036828,228.0,217.0,223.8,218.8,3336960.25
2024-04-19,9921,2310359,504456592,221.5,224.5,215.0,215.5,-9.5,10525,2310359,224.5,215.0,221.9,218.1,3065659.8
2024-04-22,9921,1169358,252233899,216.0,219.0,214.0,215.0,-0.5,2571,1169358,219.0,214.0,219.4,217.475,2905618.8
2024-04-23,9921,1497171,330582469,217.0,223.0,217.0,221.5,6.5,2217,1497171,223.0,217.0,219.2,217.45,2773910.35
2024-04-24,9921,1261126,283428065,223.0,227.0,222.5,226.0,4.5,2843,1261126,227.0,222.5,220.6,217.8,2713099.0
2024-04-25,9921,1011535,226158269,223.0,227.5,221.0,222.5,-3.5,5372,1011535,227.5,221.0,220.1,218.125,2665763.55
2024-04-26,9921,719799,160340148,223.0,224.5,221.5,222.5,0.0,2453,719799,224.5,221.5,221.5,218.05,2529191.85
2024-04-29,9921,1564301,354433916,224.5,228.0,223.0,228.0,5.5,4064,1564301,228.0,223.0,224.1,218.2,2444069.0
2024-04-30,9921,2990801,656376561,226.5,226.5,216.0,218.5,-9.5,4974,2990801,226.5,216.0,223.5,218.25,2188120.55
2024-05-02,9921,1260752,273165079,218.0,220.5,215.0,216.0,-2.5,1723,1260752,220.5,215.0,221.5,218.6,2050174.95
2024-05-03,9921,1669601,360248581,218.0,220.0,213.0,213.0,-3.0,1633,1669601,220.0,213.0,219.6,218.875,2017816.2
2024-05-06,9921,2242744,471787045,214.0,216.0,208.5,209.0,-4.0,2850,2242744,216.0,208.5,216.9,219.1,2065981.65
2024-05-07,9921,1286794,270859067,210.0,213.0,207.5,211.5,2.5,2330,1286794,213.0,207.5,213.6,219.15,1991386.4
2024-05-08,9921,1121043,234266038,212.0,212.5,207.0,209.5,-2.0,1430,1121043,212.5,207.0,211.8,219.0,1988738.35
2024-05-09,9921,692358,144421235,210.0,211.0,207.5,207.5,-2.0,986,692358,211.0,207.5,210.1,218.925,1950087.85
2024-05-10,9921,1580548,335820150,209.0,214.5,208.5,213.0,5.5,1687,1580548,214.5,208.5,210.1,218.4,1745652.3
2024-05-13,9921,4581223,1029531181,216.0,228.0,215.0,226.0,13.0,4572,4581223,228.0,215.0,213.5,218.45,1772431.1
2024-05-14,9921,4049121,919072758,228.0,233.0,223.0,226.5,0.5,9621,4049121,233.0,223.0,216.5,218.4,1847157.0
2024-05-15,9921,1167523,264093292,227.0,228.5,222.5,227.5,1.0,1747,1167523,228.5,222.5,220.1,218.65,1774451.0
2024-05-16,9921,1505870,334858969,226.0,227.0,220.0,220.0,-7.5,5913,1505870,227.0,220.0,222.6,218.7,1785942.75
2024-05-17,9921,3043541,668836976,221.5,224.0,217.5,219.0,-1.0,5453,3043541,224.0,217.5,223.8,218.4,1836278.4
2024-05-20,9921,4065038,902498591,218.5,226.0,218.5,222.5,3.5,3736,4065038,226.0,218.5,223.1,218.75,1924012.35
2024-05-21,9921,3767967,831949378,222.5,226.0,217.5,221.0,-1.5,5510,3767967,226.0,217.5,222.0,219.05,2053942.8
2024-05-22,9921,3087518,688471868,221.0,225.0,219.0,225.0,4.0,2891,3087518,225.0,219.0,221.5,219.225,2133460.15
2024-05-23,9921,3331189,733141423,222.5,223.5,218.0,220.0,-5.0,5120,3331189,223.5,218.0,221.5,218.925,2236963.3
2024-05-24,9921,1595489,348822133,219.0,220.0,217.0,219.0,-1.0,2464,1595489,220.0,217.0,221.5,218.75,2266161.0
2024-05-27,9921,1060722,233263145,220.0,222.0,219.0,219.0,0.0,1200,1060722,222.0,219.0,220.8,218.575,2283207.15
2024-05-28,9921,2176051,486535067,221.5,225.0,221.0,222.5,3.5,2618,2176051,225.0,221.0,221.1,218.3,2313794.65
2024-05-29,9921,1458960,326436941,224.5,224.5,221.5,224.0,1.5,2003,1458960,224.5,221.5,220.9,218.575,2237202.6
2024-05-30,9921,1244021,279799771,223.0,226.5,222.0,224.0,0.0,1307,1244021,226.5,222.0,221.7,218.975,2236366.05
2024-05-31,9921,4091935,909368376,224.0,229.5,217.0,217.5,-6.5,5549,4091935,229.5,217.0,221.4,219.2,2357482.75
2024-06-03,9921,3218224,732264898,229.0,233.0,224.0,225.0,7.5,6772,3218224,233.0,224.0,222.6,220.0,2406256.75
2024-06-04,9921,5142617,1187689915,226.0,235.0,225.5,229.5,4.5,7195,5142617,235.0,225.5,224.0,220.9,2599047.9
2024-06-05,9921,1934112,437330718,229.5,231.0,223.5,226.0,-3.5,8980,1934112,231.0,223.5,224.4,221.725,2639701.35
2024-06-06,9921,693334,155950179,227.0,229.5,222.5,224.5,-1.5,1050,693334,229.5,222.5,224.5,222.575,2639750.15
2024-06-07,9921,633456,142871098,225.5,226.5,224.0,226.0,1.5,1710,633456,226.5,224.0,226.2,223.225,2592395.55
2024-06-11,9921,2221271,486492131,225.0,225.0,216.5,217.5,-8.5,2524,2221271,225.0,216.5,224.7,222.8,2474397.95
2024-06-12,9921,1252867,272462758,218.0,219.5,215.0,216.5,-1.0,1342,1252867,219.5,215.0,222.1,222.3,2334585.25
2024-06-13,9921,2290782,495332416,219.0,219.0,215.0,216.5,0.0,2009,2290782,219.0,215.0,220.2,221.75,2390748.2
2024-06-14,9921,1295396,280080419,217.0,220.0,214.5,216.0,-0.5,1352,1295396,220.0,214.5,218.5,221.55,2380224.5
2024-06-17,9921,834312,178980859,216.5,216.5,213.5,215.0,-1.0,1165,834312,216.5,213.5,216.3,221.35,2269763.05
2024-06-18,9921,1574532,334997798,215.0,215.5,211.0,213.0,-2.0,1877,1574532,215.5,211.0,215.4,220.875,2145237.75
2024-06-19,9921,1100843,233164327,214.0,215.0,209.5,209.5,-3.5,1736,1100843,215.0,209.5,214.0,220.3,2011881.55
2024-06-20,9921,871544,184935925,210.5,214.0,210.0,212.5,3.0,1124,871544,214.0,210.0,213.2,219.675,1901082.85
2024-06-21,9921,1985346,426777767,212.5,216.5,212.5,214.5,2.0,1494,1985346,216.5,212.5,212.9,219.4,1833790.7
2024-06-24,9921,856299,182758267,216.0,216.5,212.0,212.0,-2.5,2376,856299,216.5,212.0,212.3,219.05,1796831.2
2024-06-25,9921,1439899,311694787,214.5,218.5,211.5,217.0,5.0,1597,1439899,218.5,211.5,213.1,218.95,1815790.05
2024-06-26,9921,703985,152402682,218.0,220.0,214.0,215.0,-2.0,1575,703985,220.0,214.0,214.2,218.575,1742186.75
2024-06-27,9921,1024372,217298638,213.0,214.5,210.5,212.5,-2.5,1276,1024372,214.5,210.5,214.2,218.0,1720457.35
2024-06-28,9921,1201005,253530329,212.5,212.5,210.0,212.0,-0.5,1403,1201005,212.5,210.0,213.7,217.4,1718306.55
2024-07-01,9921,702438,147484243,210.5,211.5,208.5,209.5,-2.5,954,702438,211.5,208.5,213.2,217.0,1548831.7
2024-07-02,9921,2538823,520423606,208.0,208.0,203.5,204.0,-5.5,3094,2538823,208.0,203.5,210.6,215.95,1514861.65
2024-07-03,9921,938340,195375830,205.0,211.0,205.0,211.0,7.0,1045,938340,211.0,205.0,209.8,215.025,1304647.8
2024-07-04,9921,776414,162853892,211.5,213.0,208.0,209.0,-2.0,1181,776414,213.0,208.0,209.1,214.175,1246762.9
2024-07-05,9921,1370143,289774405,209.0,213.0,208.5,212.0,3.0,1065,1370143,213.0,208.5,209.1,213.55,1280603.35
2024-07-08,9921,1922964,397443383,212.0,212.0,205.0,205.5,-6.5,2494,1922964,212.0,205.0,208.3,212.525,1345078.75
2024-07-09,9921,1459206,297982588,205.5,206.0,202.5,205.0,-0.5,1761,1459206,206.0,202.5,208.5,211.9,1306975.5
2024-07-10,9921,1037559,216712020,205.0,211.0,205.0,210.5,5.5,1461,1037559,211.0,205.0,208.4,211.6,1296210.1
2024-07-11,9921,2330025,493769302,212.0,215.5,208.0,213.5,3.0,2150,2330025,215.5,208.0,209.3,211.45,1298172.25
2024-07-12,9921,2574983,563722432,219.0,223.5,214.5,216.5,3.0,3679,2574983,223.5,214.5,210.2,211.475,1362151.6
2024-07-15,9921,1256616,266576861,216.5,217.5,210.0,211.0,-5.5,10476,1256616,217.5,210.0,211.3,211.275,1383266.8
2024-07-16,9921,1457161,310636359,213.0,214.5,212.0,214.5,3.5,1471,1457161,214.5,212.0,213.2,211.35,1377398.25
2024-07-17,9921,983307,210662982,215.0,216.0,212.5,214.0,-0.5,1609,983307,216.0,212.5,213.9,211.575,1371521.45
2024-07-18,9921,1303522,282500816,213.5,218.5,211.5,217.5,3.5,1749,1303522,218.5,211.5,214.7,211.825,1393120.35
2024-07-19,9921,2037995,443737018,217.0,219.5,213.0,219.5,2.0,2358,2037995,219.5,213.0,215.3,212.075,1395752.8
2024-07-22,9921,1709982,372730027,219.5,220.0,214.5,220.0,0.5,2246,1709982,220.0,214.5,217.1,212.475,1438436.95
2024-07-23,9921,3303859,747407406,220.5,229.0,220.0,228.0,8.0,4292,3303859,229.0,220.0,219.8,213.025,1531634.95
2024-07-26,9921,2371442,536052413,226.0,229.0,221.5,228.5,0.5,4669,2371442,229.0,221.5,222.7,213.7,1615007.8
2024-07-29,9921,1752322,399771322,226.0,231.0,224.5,225.0,-3.5,2610,1752322,231.0,224.5,224.2,214.325,1651405.3
2024-07-30,9921,1327258,300966217,226.5,228.5,224.0,228.5,3.5,2237,1327258,228.5,224.0,226.0,215.15,1657717.95
2024-07-31,9921,5833597,1367625095,228.0,240.0,226.5,237.0,8.5,6342,5833597,240.0,226.5,229.4,216.525,1914275.9
2024-08-01,9921,2498161,596692685,237.5,242.0,235.0,241.0,4.0,6663,2498161,242.0,235.0,232.0,218.375,1912242.8
2024-08-02,9921,3118693,723403171,235.5,239.5,226.5,227.5,-13.5,10533,3118693,239.5,226.5,231.8,219.2,2021260.45
2024-08-05,9921,2707720,571526419,220.0,220.0,205.5,208.5,-19.0,18330,2707720,220.0,205.5,228.5,219.175,2117825.75
2024-08-06,9921,2579005,552064604,216.0,221.5,204.0,214.5,6.0,6455,2579005,221.5,204.0,225.7,219.3,2178268.85
2024-08-07,9921,2011593,440920292,217.5,222.0,213.0,221.0,6.5,4431,2011593,222.0,213.0,222.5,220.075,2182700.3
2024-08-08,9921,1914656,427442014,215.5,227.0,215.5,224.0,3.0,3052,1914656,227.0,215.5,219.1,221.025,2205472.8
2024-08-09,9921,2626843,575927808,226.0,226.0,217.0,217.5,-6.5,20403,2626843,226.0,217.0,217.1,221.375,2284937.0
2024-08-12,9921,4867773,1120458934,225.0,234.0,225.0,232.0,14.5,4329,4867773,234.0,225.0,221.8,222.3,2411824.4
2024-08-13,9921,6250019,1490801217,236.5,243.0,233.0,240.0,8.0,7630,6250019,243.0,233.0,226.9,223.475,2595576.2
2024-08-14,9921,2544151,597265808,238.0,238.0,232.0,235.0,-5.0,7682,2544151,238.0,232.0,229.7,224.675,2659952.95
2024-08-15,9921,917709,216499907,234.0,238.5,233.0,235.5,0.5,1593,917709,238.5,233.0,232.0,225.725,2632980.35
2024-08-16,9921,1475395,351950696,238.5,239.5,236.0,239.5,4.0,1419,1475395,239.5,236.0,236.4,227.0,2657584.75
2024-08-19,9921,865661,203663526,239.0,239.0,233.5,233.5,-6.0,4928,865661,239.0,233.5,236.7,227.8,2635691.7
2024-08-20,9921,1861061,448192581,235.0,244.0,234.5,242.0,8.5,2539,1861061,244.0,234.5,237.1,228.925,2626845.0
2024-08-21,9921,1410289,343800160,245.0,245.0,240.5,244.0,2.0,2728,1410289,245.0,240.5,238.9,230.125,2611860.35
2024-08-22,9921,1203126,287707954,245.0,245.0,236.0,239.0,-5.0,9205,1203126,245.0,236.0,239.6,230.675,2506823.7
2024-08-23,9921,1059882,249643638,233.0,239.0,230.5,238.0,0.0,4097,1059882,239.0,230.5,239.3,231.15,2441245.7
2024-08-26,9921,1142441,272822015,239.0,242.0,234.5,237.0,-1.0,5323,1142441,242.0,234.5,240.0,231.75,2410751.65
2024-08-27,9921,854534,203430688,233.5,241.0,233.5,240.5,3.5,2192,854534,241.0,233.5,239.7,232.35,2387115.45
2024-08-28,9921,631592,150621602,238.5,241.0,235.5,240.0,-0.5,2376,631592,241.0,235.5,238.9,232.5,2127015.2
2024-08-29,9921,1082484,254957619,236.5,238.0,233.5,237.0,-3.0,4415,1082484,238.0,233.5,238.5,232.3,2056231.35
2024-08-30,9921,830118,197996268,236.5,239.5,236.5,239.0,2.0,1461,830118,239.5,236.5,238.7,232.875,1941802.6
2024-09-02,9921,622182,149627291,241.0,241.5,239.0,241.0,2.0,1035,622182,241.5,239.0,239.5,234.5,1837525.7
2024-09-03,9921,1115042,270823107,239.5,248.0,237.5,241.0,0.0,4527,1115042,248.0,237.5,239.6,235.825,1764327.55
2024-09-04,9921,1291661,300846783,231.5,237.0,229.0,232.0,-9.0,11319,1291661,237.0,229.0,238.0,236.375,1728330.95
2024-09-05,9921,1108528,260181741,234.5,240.0,231.0,232.0,0.0,2888,1108528,240.0,231.0,237.0,236.775,1688024.55
2024-09-06,9921,1467940,345114615,235.0,238.0,229.0,236.0,4.0,4722,1467940,238.0,229.0,236.4,237.7,1630079.4
2024-09-09,9921,1276697,293285385,230.0,234.0,228.0,229.5,-6.5,7087,1276697,234.0,228.0,234.1,237.575,1450525.6
2024-09-10,9921,1066907,248036106,233.5,237.0,227.5,231.0,1.5,2545,1066907,237.0,227.5,232.1,237.125,1191370.0
2024-09-11,9921,2393267,531467040,229.0,229.0,216.5,219.0,-12.0,19203,2393267,229.0,216.5,229.5,236.325,1183825.8
2024-09-12,9921,3625068,778928223,222.5,223.0,211.0,213.0,-6.0,4281,3625068,223.0,211.0,225.7,235.2,1319193.75
2024-09-13,9921,2207560,467377837,216.0,216.5,210.0,210.0,-3.0,2266,2207560,216.5,210.0,220.5,233.725,1355802.0
2024-09-16,9921,1417376,303354450,212.0,215.5,211.5,215.0,5.0,1596,1417376,215.5,211.5,217.6,232.8,1383387.75
2024-09-18,9921,1949537,416398270,216.0,217.0,210.5,211.0,-4.0,1886,1949537,217.0,210.5,213.6,231.25,1387811.55
2024-09-19,9921,2989685,667515085,214.0,227.0,214.0,226.0,15.0,2982,2989685,227.0,214.0,215.0,230.35,1466781.35
2024-09-20,9921,3421330,770427736,226.5,228.0,222.5,227.0,1.0,9020,3421330,228.0,222.5,217.8,229.75,1577691.55
2024-09-23,9921,1695653,386052033,227.0,230.5,223.5,228.5,1.5,3938,1695653,230.5,223.5,221.5,229.275,1609480.1
2024-09-24,9921,1800958,414705799,230.0,232.5,228.5,231.0,2.5,2191,1800958,232.5,228.5,224.7,228.975,1642405.95
2024-09-25,9921,880264,204575028,234.5,235.5,230.5,232.0,1.0,1415,880264,235.5,230.5,228.9,228.55,1643692.45
2024-09-26,9921,2181995,497702879,234.5,234.5,223.0,224.5,-7.5,8476,2181995,234.5,223.0,228.6,227.775,1721212.6
2024-09-27,9921,3229719,743953327,227.5,234.5,227.0,229.0,4.5,2581,3229719,234.5,227.0,229.0,227.375,1828574.35
2024-09-30,9921,1455278,328180215,231.0,231.0,224.0,224.0,-5.0,1327,1455278,231.0,224.0,228.1,226.625,1859832.35
2024-10-01,9921,3609652,777068280,225.0,225.0,212.0,214.5,-9.5,4276,3609652,225.0,212.0,224.8,225.3,2009205.85
2024-10-04,9921,5837431,1201897496,205.5,211.5,202.0,203.5,-11.0,6000,5837431,211.5,202.0,219.1,223.425,2245325.3
2024-10-07,9921,2775762,564478931,206.0,206.0,201.0,205.5,2.0,2875,2775762,206.0,201.0,215.3,222.1,2319530.35
2024-10-08,9921,1675212,342214047,205.5,205.5,203.0,204.0,-1.5,1401,1675212,205.5,203.0,210.3,220.7,2347864.55
2024-10-09,9921,1087293,223215438,205.5,207.0,204.0,205.0,1.0,1103,1087293,207.0,204.0,206.5,219.15,2328832.2
2024-10-11,9921,6679807,1291221336,201.0,201.0,190.0,190.0,-15.0,7465,6679807,201.0,190.0,201.6,217.175,2598987.7
2024-10-14,9921,1399513,267324910,190.5,193.0,190.0,190.5,0.5,1633,1399513,193.0,190.0,199.0,215.15,2615618.0
2024-10-15,9921,3043333,568378207,191.0,192.5,185.0,185.0,-5.5,4061,3043333,192.5,185.0,194.9,213.45,2648121.3
2024-10-16,9921,1707735,319704219,185.0,190.5,185.0,187.0,2.0,1889,1707735,190.5,185.0,191.5,212.15,2552254.65
2024-10-17,9921,2079897,392471635,187.5,191.5,186.5,187.5,0.5,1560,2079897,191.5,186.5,188.0,211.025,2545871.5
2024-10-18,9921,1546440,289449063,189.5,189.5,186.0,187.0,-0.5,1898,1546440,189.5,186.0,187.4,209.625,2552324.7
2024-10-21,9921,2677465,496054126,189.0,190.0,184.0,185.5,-1.5,3055,2677465,190.0,184.0,186.4,208.35,2588721.1
2024-10-22,9921,1989839,368099147,186.0,186.5,184.0,186.0,0.5,2092,1989839,186.5,184.0,186.6,206.35,2538728.8
2024-10-23,9921,1118477,209424031,186.5,188.0,186.0,188.0,2.0,1314,1118477,188.0,186.0,186.8,204.4,2423586.15
2024-10-24,9921,1582073,295928871,186.5,189.5,185.5,185.5,-2.5,1476,1582073,189.5,185.5,186.4,202.25,2417907.15
2024-10-25,9921,1297355,241937181,187.0,188.5,185.0,185.5,0.0,1420,1297355,188.5,185.0,186.1,199.975,2392727.0
2024-10-28,9921,1664152,310516477,188.0,190.5,183.5,184.0,-1.5,2032,1664152,190.5,183.5,185.8,197.575,2431921.4
2024-10-29,9921,1417121,259577809,185.5,185.5,182.0,182.5,-1.5,1649,1417121,185.5,182.0,185.1,195.475,2393677.7
2024-10-30,9921,1235956,226330282,185.0,185.0,182.0,182.0,-0.5,1227,1235956,185.0,182.0,183.9,193.125,2293989.55
2024-11-01,9921,2391673,429667104,180.5,182.0,178.0,179.0,-3.0,2664,2391673,182.0,178.0,182.6,190.875,2340809.3
2024-11-04,9921,1991964,359715270,180.0,183.0,177.0,181.0,2.0,1430,1991964,183.0,177.0,181.7,189.2,2259924.9
2024-11-05,9921,1885774,339709355,180.0,185.5,177.5,178.5,-2.5,2025,1885774,185.5,177.5,180.6,187.95,2062342.05
2024-11-06,9921,1270446,227110008,179.0,180.5,177.5,177.5,-1.0,1559,1270446,180.5,177.5,179.6,186.55,1987076.25
2024-11-07,9921,2109516,378313045,177.0,182.0,177.0,178.0,0.5,1941,2109516,182.0,177.0,178.8,185.25,2008791.45
2024-11-08,9921,2858962,512619131,180.0,182.0,177.0,177.5,-0.5,2378,2858962,182.0,177.0,178.5,183.875,2097374.9
2024-11-11,9921,7767440,1276545600,165.0,166.0,161.0,166.0,-11.5,6966,7767440,166.0,161.0,175.5,182.675,2151756.55
2024-11-12,9921,6284811,1014275209,162.5,165.5,158.5,159.0,-7.0,7052,6284811,165.5,158.5,171.6,181.1,2396021.45
2024-11-13,9921,2986557,475473873,159.0,161.0,158.0,158.0,-1.0,3271,2986557,161.0,158.0,167.7,179.75,2393182.65
2024-11-14,9921,4507005,700986997,158.5,159.5,153.5,155.5,-2.5,4740,4507005,159.5,153.5,163.2,178.175,2533146.15
2024-11-15,9921,4582866,703840643,153.0,156.0,151.5,154.5,-1.0,3953,4582866,156.0,151.5,158.6,176.525,2658294.6
2024-11-18,9921,3010396,468501232,155.5,158.5,153.0,156.0,1.5,2376,3010396,158.5,153.0,156.6,174.975,2731492.4
2024-11-19,9921,5989787,903805543,156.5,157.0,149.0,149.0,-7.0,5744,5989787,157.0,149.0,154.6,173.15,2897108.5
2024-11-20,9921,2956210,442622071,150.5,151.0,148.0,149.0,0.0,2662,2956210,151.0,148.0,152.8,171.3,2945427.05
2024-11-21,9921,1912576,287898573,149.5,152.0,149.0,150.5,1.5,1592,1912576,152.0,149.0,151.8,169.425,2985132.0
2024-11-22,9921,2207522,335964833,152.0,155.0,151.0,151.0,0.5,1855,2207522,155.0,151.0,151.1,167.7,3016404.45
2024-11-25,9921,1914268,295295448,151.5,156.0,151.5,154.0,3.0,1872,1914268,156.0,151.5,150.7,166.125,3047250.1
2024-11-26,9921,1566010,242757456,153.5,157.0,152.0,155.0,1.0,1429,1566010,157.0,152.0,151.9,164.675,3042343.0
2024-11-27,9921,1530120,232489979,155.0,155.0,150.0,150.0,-5.0,2082,1530120,155.0,150.0,152.1,163.05,3047992.95
2024-11-28,9921,1300952,195725679,150.5,152.0,149.5,150.0,0.0,1324,1300952,152.0,149.5,152.0,161.45,3051242.75
2024-11-29,9921,826418,124784571,150.0,152.5,148.0,152.0,2.0,763,826418,152.5,148.0,152.2,160.1,2972980.0
2024-12-02,9921,756779,114529046,152.0,154.0,150.0,150.0,-2.0,966,756779,154.0,150.0,151.4,158.55,2911220.75
2024-12-03,9921,1921197,293778371,151.5,155.0,151.0,152.5,2.5,1803,1921197,155.0,151.0,150.9,157.25,2912991.9
2024-12-04,9921,1711695,262561557,153.0,156.0,151.5,153.0,0.5,2065,1711695,156.0,151.5,151.5,156.025,2935054.35
2024-12-05,9921,1540033,232790248,153.0,153.5,150.0,150.5,-2.5,1667,1540033,153.5,150.0,151.6,154.65,2906580.2
2024-12-06,9921,1500287,224666671,151.5,152.0,149.0,149.0,-1.5,2456,1500287,152.0,149.0,151.0,153.225,2838646.45
2024-12-09,9921,2203100,323915884,150.0,150.0,146.0,146.0,-3.0,2960,2203100,150.0,146.0,150.2,152.225,2560429.45
2024-12-10,9921,1591934,238497824,147.0,151.0,147.0,150.5,4.5,1437,1591934,151.0,147.0,149.8,151.8,2325785.6
2024-12-11,9921,1697306,250092611,149.0,149.0,146.0,146.0,-4.5,2482,1697306,149.0,146.0,148.4,151.2,2261323.05
2024-12-12,9921,1835855,274572141,148.5,151.0,147.5,149.5,3.5,1253,1835855,151.0,147.5,148.2,150.9,2127765.55
2024-12-13,9921,774964,116594744,149.5,151.0,149.0,150.0,0.5,875,774964,151.0,149.0,148.4,150.675,1937370.45
2024-12-16,9921,3979119,617574494,151.5,157.0,151.0,156.0,6.0,3043,3979119,157.0,151.0,150.4,150.675,1985806.6
2024-12-17,9921,2562755,391572838,155.0,155.0,151.0,152.0,-4.0,2201,2562755,155.0,151.0,150.7,150.825,1814455.0
2024-12-18,9921,1502035,228549183,152.5,154.0,151.0,151.0,-1.0,1411,1502035,154.0,151.0,151.7,150.925,1741746.25
2024-12-19,9921,1546692,230056425,149.0,150.0,148.0,148.5,-2.5,1625,1546692,150.0,148.0,151.5,150.825,1723452.05
2024-12-20,9921,1232991,182299274,148.5,150.0,147.0,147.0,-1.5,1355,1232991,150.0,147.0,150.9,150.625,1674725.5
2024-12-23,9921,525819,78552585,148.0,150.5,148.0,149.0,2.0,642,525819,150.5,148.0,149.5,150.375,1605303.05
2024-12-24,9921,1367022,202441585,150.5,152.0,146.5,147.5,-1.5,1634,1367022,152.0,146.5,148.6,150.0,1595353.65
2024-12-25,9921,920116,135317804,148.0,149.5,146.5,147.0,-0.5,1127,920116,149.5,146.5,147.8,149.85,1564853.45
2024-12-26,9921,1183077,172828717,148.0,148.5,145.0,145.5,-1.5,1889,1183077,148.5,145.0,147.2,149.625,1558959.7
2024-12-27,9921,511249,74268553,145.5,146.0,144.5,145.0,-0.5,735,511249,146.0,144.5,146.8,149.275,1543201.25
2024-12-30,9921,947863,136043896,145.0,145.0,143.0,143.0,-2.0,1384,947863,145.0,143.0,145.6,148.925,1552755.45
2024-12-31,9921,1420552,200520447,143.0,143.0,140.0,141.5,-1.5,2089,1420552,143.0,140.0,144.4,148.375,1527723.2
2025-01-02,9921,1339811,188982432,141.5,143.0,140.0,140.5,-1.0,1545,1339811,143.0,140.0,143.1,147.75,1509129.0
2025-01-03,9921,1447003,201909602,141.5,143.5,138.0,139.0,-1.5,2057,1447003,143.5,138.0,141.8,147.175,1504477.5
2025-01-06,9921,1208884,171999247,139.5,144.5,137.5,143.0,4.0,1864,1208884,144.5,137.5,141.4,146.875,1489907.35
2025-01-07,9921,1630115,237660624,143.0,147.5,143.0,145.5,2.5,1927,1630115,147.5,143.0,141.9,146.85,1461258.1
2025-01-08,9921,841605,122038518,145.5,146.0,143.0,144.5,-1.0,1827,841605,146.0,143.0,142.5,146.55,1423741.65
2025-01-09,9921,1697605,238602885,145.0,145.0,138.0,138.0,-6.5,2142,1697605,145.0,138.0,142.0,146.15,1423756.6
2025-01-10,9921,1740644,246801603,138.5,144.5,137.5,143.5,5.5,1564,1740644,144.5,137.5,142.9,145.85,1418996.05
2025-01-13,9921,1154468,164353043,142.5,143.5,141.0,143.5,0.0,1202,1154468,143.5,141.0,143.0,145.525,1437971.25
2025-01-14,9921,678795,97135405,143.5,145.0,141.5,144.0,0.5,861,678795,145.0,141.5,142.7,144.925,1272955.05
2025-01-15,9921,746277,106627450,142.0,144.5,142.0,142.0,-2.0,794,746277,144.5,142.0,142.2,144.425,1182131.15
2025-01-16,9921,1964593,290866252,143.0,150.5,143.0,147.0,5.0,1797,1964593,150.5,143.0,144.0,144.225,1205259.05
2025-01-17,9921,470929,69339053,146.5,149.0,146.0,146.0,-1.0,621,470929,149.0,146.0,144.5,144.1,1151470.9
2025-01-20,9921,277480,40813759,148.0,148.0,146.0,147.5,1.5,577,277480,148.0,146.0,145.3,144.125,1103695.35
2025-01-21,9921,498522,73238016,147.5,148.5,146.0,146.0,-1.5,630,498522,148.5,146.0,145.7,143.975,1102330.5
2025-01-22,9921,1148214,167798966,148.5,148.5,145.0,146.5,0.5,1306,1148214,148.5,145.0,146.6,143.925,1091390.1
2025-02-03,9921,1538892,221069910,146.0,146.5,141.5,143.5,-3.0,1812,1538892,146.5,141.5,145.9,143.75,1122328.9
2025-02-04,9921,897476,126494545,143.0,143.0,140.0,140.0,-3.5,1272,897476,143.0,140.0,144.7,143.475,1108048.85
2025-02-05,9921,643590,91154011,142.0,143.0,140.5,141.5,1.5,826,643590,143.0,140.5,143.5,143.3,1114665.9
2025-02-06,9921,2553247,372173547,141.0,148.5,140.5,148.5,7.0,2042,2553247,148.5,140.5,144.0,143.575,1194935.1
2025-02-07,9921,1089814,160569198,148.0,149.0,146.0,147.5,-1.0,1698,1089814,149.0,146.0,144.2,143.875,1178398.2
2025-02-10,9921,812295,117749812,147.0,147.0,144.0,144.0,-3.5,994,812295,147.0,144.0,144.3,144.05,1152022.4
2025-02-11,9921,1281665,187666719,147.0,149.5,144.5,145.0,1.0,1216,1281665,149.5,144.5,145.3,144.35,1143755.5
2025-02-12,9921,2555472,386744471,145.5,154.0,145.5,150.5,5.5,2603,2555472,154.0,145.5,147.1,144.725,1211084.9
2025-02-13,9921,2201633,335053329,151.0,154.0,149.0,152.0,1.5,2171,2201633,154.0,149.0,147.8,145.05,1239660.8
2025-02-14,9921,2283833,349238278,152.0,155.5,150.0,154.0,2.0,2160,2283833,155.5,150.0,149.1,145.525,1311772.2
2025-02-17,9921,1314579,202444095,155.5,156.0,153.0,153.0,-1.0,1891,1314579,156.0,153.0,150.9,146.275,1292620.9
2025-02-18,9921,878317,135032792,154.0,154.5,152.5,153.5,0.5,999,878317,154.5,152.5,152.6,146.775,1249504.55
2025-02-19,9921,1098574,169096970,153.5,156.0,152.5,152.5,-1.0,1216,1098574,156.0,152.5,153.0,147.225,1246709.85
2025-02-20,9921,928883,141640111,154.5,154.5,151.5,152.0,-0.5,1267,928883,154.5,151.5,153.0,147.625,1259214.25
2025-02-21,9921,1477517,229377779,153.0,157.0,152.0,156.5,4.5,1559,1477517,157.0,152.0,153.5,148.35,1295776.25
2025-02-24,9921,2970140,475438991,157.0,163.0,155.5,161.0,4.5,3123,2970140,163.0,155.5,155.1,149.05,1346053.6
2025-02-25,9921,1485590,235825751,160.5,162.0,156.5,158.5,-2.5,2265,1485590,162.0,156.5,156.1,149.675,1396786.65
2025-02-26,9921,1028685,162953999,160.0,160.0,157.5,158.5,0.0,1401,1028685,160.0,157.5,157.3,150.225,1434346.9
2025-02-27,9921,1069058,168503514,159.0,159.5,156.0,158.0,-0.5,2268,1069058,159.5,156.0,158.5,150.825,1462873.7
2025-03-03,9921,1530838,240541860,156.5,159.0,154.0,158.0,0.0,1724,1530838,159.0,154.0,158.8,151.4,1482004.9
2025-03-04,9921,1364148,216973977,157.0,161.5,156.0,160.5,2.5,2587,1364148,161.5,156.0,158.7,152.25,1473267.7
2025-03-05,9921,3932495,646057356,160.5,168.0,159.0,163.0,2.5,4220,3932495,168.0,159.0,159.6,153.4,1625018.65
2025-03-06,9921,3344898,551331408,166.0,169.0,161.5,163.5,0.5,7831,3344898,169.0,161.5,160.6,154.5,1760084.05
2025-03-07,9921,1511667,242290499,164.0,164.0,158.0,158.0,-5.5,4296,1511667,164.0,158.0,160.6,154.975,1708005.05
2025-03-10,9921,1576156,252121485,158.0,163.0,157.0,161.5,3.5,1852,1576156,163.0,157.0,161.3,155.675,1732322.15
2025-03-11,9921,7461886,1233315205,163.0,168.5,160.0,166.5,5.0,5294,7461886,168.5,160.0,162.5,156.8,2064801.7
2025-03-12,9921,3243888,539759200,166.0,170.5,163.0,164.5,-2.0,3998,3243888,170.5,163.0,162.8,157.775,2162912.85
2025-03-13,9921,2503713,401784555,165.5,165.5,157.5,157.5,-7.0,2575,2503713,165.5,157.5,161.6,158.125,2160324.9
2025-03-14,9921,3046806,471766824,154.5,158.0,150.5,157.0,-0.5,2605,3046806,158.0,150.5,161.4,158.375,2202583.55
2025-03-17,9921,3095757,480885310,155.5,160.0,151.5,152.0,-5.0,2849,3095757,160.0,151.5,159.5,158.275,2243179.75
2025-03-18,9921,1880168,295506685,152.0,160.5,152.0,159.0,7.0,1786,1880168,160.5,152.0,158.0,158.575,2271459.2
2025-03-19,9921,1740704,274452583,161.0,161.5,155.0,156.0,-3.0,1574,1740704,161.5,155.0,156.3,158.7,2314578.55
2025-03-20,9921,1165577,182291562,156.5,158.5,155.0,156.5,0.5,1100,1165577,158.5,155.0,156.1,158.9,2317928.7
2025-03-21,9921,1177436,186238000,156.0,159.0,156.0,159.0,2.5,1005,1177436,159.0,156.0,156.5,159.25,2330356.35
2025-03-24,9921,2612978,400044001,157.5,157.5,151.5,151.5,-7.5,2729,2612978,157.5,151.5,156.4,159.0,2387129.4
2025-03-25,9921,927184,141594861,153.0,153.5,151.5,152.0,0.5,981,927184,153.5,151.5,155.0,158.55,2284981.6
2025-03-26,9921,2908136,433304730,152.0,152.0,147.0,149.5,-2.5,2824,2908136,152.0,147.0,153.7,158.1,2356108.9
2025-03-27,9921,1350155,199013632,148.0,148.5,146.0,148.0,-1.5,1473,1350155,148.5,146.0,152.0,157.575,2372182.4
2025-03-28,9921,3005072,428966855,146.0,146.0,141.0,144.0,-4.0,3256,3005072,146.0,141.0,149.0,156.875,2468983.1
2025-03-31,9921,2089557,294562486,141.0,143.0,139.5,140.5,-3.5,2085,2089557,143.0,139.5,146.8,156.0,2496919.05
2025-04-01,9921,1574685,229408688,141.5,147.0,141.5,146.0,5.5,1437,1574685,147.0,141.5,145.6,155.275,2507445.9
2025-04-02,9921,631224,90847754,145.0,145.5,142.5,143.5,-2.5,812,631224,145.5,142.5,144.4,154.3,2342382.35
2025-04-07,9921,400891,51915260,129.5,129.5,129.5,129.5,-14.0,971,400891,129.5,129.5,140.7,152.6,2195182.0
2025-04-08,9921,2653944,312393989,117.5,121.5,117.0,117.0,-12.5,2656,2653944,121.5,117.0,135.3,150.55,2252295.85
2025-04-09,9921,2832782,305387464,111.5,113.0,105.5,105.5,-11.5,2931,2832782,113.0,105.5,128.3,147.75,2315127.15
2025-04-10,9921,345339,40059324,116.0,116.0,116.0,116.0,10.5,321,345339,116.0,116.0,122.3,145.225,1959299.8
2025-04-11,9921,2013059,242066095,117.0,123.5,113.0,123.5,7.5,2010,2013059,123.5,113.0,118.3,143.175,1897758.35
2025-04-14,9921,1701917,216406127,123.5,130.0,123.0,128.0,4.5,1658,1701917,130.0,123.0,118.0,141.7,1857668.55
2025-04-15,9921,1799582,241482432,129.0,136.0,129.0,133.5,5.5,2052,1799582,136.0,129.0,121.3,140.525,1795307.35
2025-04-16,9921,1894853,252348322,134.0,136.5,130.0,134.0,0.5,2440,1894853,136.5,130.0,127.0,139.625,1735262.15
2025-04-17,9921,1419376,185413965,133.0,133.0,129.0,131.5,-2.5,1361,1419376,133.0,129.0,130.1,138.25,1712222.55
2025-04-18,9921,451145,59405928,132.5,133.0,131.0,131.5,0.0,565,451145,133.0,131.0,131.7,137.025,1647744.6
2025-04-21,9921,726193,92672618,131.5,132.5,125.0,126.0,-5.5,1026,726193,132.5,125.0,131.3,135.5,1625775.4
2025-04-22,9921,813280,103044465,125.0,129.0,123.0,127.5,1.5,785,813280,129.0,123.0,130.1,133.925,1607567.6
2025-04-23,9921,1558473,196966943,128.5,129.5,125.0,125.5,-2.0,1633,1558473,129.5,125.0,128.4,132.625,1554842.35
2025-04-24,9921,2198292,279332787,125.5,129.0,124.0,128.0,2.5,1725,2198292,129.0,124.0,127.7,131.425,1618397.75
2025-04-25,9921,1056707,136326575,129.5,131.0,127.5,129.0,1.0,1028,1056707,131.0,127.5,127.2,130.4,1525826.3
2025-04-28,9921,663749,86505459,130.5,131.0,129.0,130.5,1.5,872,663749,131.0,129.0,128.1,129.525,1491506.0
2025-04-29,9921,1041514,135932359,129.5,131.5,129.0,131.5,1.0,865,1041514,131.5,129.0,128.9,128.9,1393328.1
2025-04-30,9921,600174,78655068,131.5,133.5,129.5,130.0,-1.5,679,600174,133.5,129.5,129.8,128.375,1318858.95
2025-05-02,9921,931867,119741467,130.5,130.5,127.5,127.5,-2.5,1191,931867,130.5,127.5,129.7,127.45,1286718.05
2025-05-05,9921,1805766,232369727,128.5,132.5,125.0,127.5,0.0,1541,1805766,132.5,125.0,129.4,126.65,1345445.15
2025-05-06,9921,835540,106700035,128.0,129.5,126.0,127.0,-0.5,1076,835540,129.5,126.0,128.7,126.525,1367177.6
2025-05-07,9921,1532120,195122562,128.5,129.0,125.0,128.0,1.0,1485,1532120,129.0,125.0,128.0,127.075,1311086.4
2025-05-08,9921,741129,95228145,128.0,130.5,127.0,127.5,-0.5,715,741129,130.5,127.0,127.5,128.175,1206503.75
2025-05-09,9921,1502343,193362447,127.5,131.0,126.5,128.5,1.0,1157,1502343,131.0,126.5,127.7,128.8,1264353.95
2025-05-12,9921,1331806,175954287,128.5,135.0,127.5,132.0,3.5,1306,1331806,135.0,127.5,128.6,129.225,1230291.3
2025-05-13,9921,761641,101187696,132.0,133.5,131.0,133.5,1.5,813,761641,133.5,131.0,129.9,129.5,1183277.5
2025-05-14,9921,663810,88683005,134.0,135.5,132.5,133.5,0.0,857,663810,135.5,132.5,131.0,129.5,1126488.9
2025-05-15,9921,598587,78052976,133.5,133.5,128.5,131.0,-2.5,802,598587,133.5,128.5,131.7,129.35,1061675.6
2025-05-16,9921,2998657,372538403,131.5,131.5,122.0,123.0,-8.0,3524,2998657,131.5,122.0,130.6,128.925,1140639.65
2025-05-19,9921,1905832,229680639,123.0,123.0,119.0,120.5,-2.5,2117,1905832,123.0,119.0,128.3,128.375,1213374.0
2025-05-20,9921,689671,83749976,122.0,122.0,120.0,122.0,1.5,739,689671,122.0,120.0,126.0,128.175,1211547.9
2025-05-21,9921,515180,63455002,122.5,124.0,121.5,124.0,2.0,600,515180,124.0,121.5,124.1,128.0,1196642.9
2025-05-22,9921,855627,103311751,123.0,123.0,119.5,121.5,-2.5,978,855627,123.0,119.5,122.2,127.8,1161500.6
2025-05-23,9921,323327,39107378,121.5,122.5,120.5,120.5,-1.0,450,323327,122.5,120.5,121.7,127.425,1067752.35
2025-05-26,9921,708920,84284289,120.5,120.5,117.5,120.0,-0.5,1191,708920,120.5,117.5,121.6,126.975,1050363.0
2025-05-27,9921,479530,57096407,120.0,121.0,118.0,118.0,-2.0,731,479530,121.0,118.0,120.8,126.35,1041152.05
2025-05-28,9921,455275,54496488,119.5,121.0,119.0,119.5,1.5,523,455275,121.0,119.0,119.9,125.75,1011840.1
2025-05-29,9921,624294,74576775,121.0,121.5,118.5,119.0,-0.5,697,624294,121.5,118.5,119.4,125.2,1013046.1
2025-06-02,9921,773961,91040274,118.0,119.0,116.5,117.5,-1.5,1276,773961,119.0,116.5,118.8,124.7,1005150.8
2025-06-03,9921,559053,65842679,119.0,119.5,117.0,117.5,0.0,631,559053,119.5,117.0,118.3,124.2,942815.15
2025-06-04,9921,1077709,128201191,118.0,120.0,118.0,119.0,1.5,781,1077709,120.0,118.0,118.5,123.8,954923.6
2025-06-05,9921,848180,99898838,119.0,119.5,117.0,118.0,-1.0,998,848180,119.5,117.0,118.2,123.3,920726.6
2025-06-06,9921,743759,86851169,117.5,118.0,115.5,117.0,-1.0,1160,743759,118.0,115.5,117.8,122.775,920858.1
2025-06-09,9921,854498,99324658,118.0,118.5,115.0,117.0,0.0,1039,854498,118.5,115.0,117.7,122.2,888465.85
2025-06-10,9921,1099298,130599154,117.5,120.5,117.5,119.0,2.0,1193,1099298,120.5,117.5,118.0,121.55,876840.45
2025-06-11,9921,1392394,160997165,119.0,119.0,114.5,115.0,-4.0,1762,1392394,119.0,114.5,117.2,120.625,908378.1
2025-06-12,9921,1903138,214205307,114.5,115.5,111.0,111.0,-4.0,2381,1903138,115.5,111.0,115.8,119.5,970344.5
2025-06-13,9921,2076828,224619774,110.0,110.5,106.5,109.0,-2.0,2401,2076828,110.5,106.5,114.2,118.4,1044256.55
2025-06-16,9921,1750316,188850100,109.0,109.0,106.5,109.0,0.0,1697,1750316,109.0,106.5,112.6,117.7,981839.5
2025-06-17,9921,1138629,122763381,109.0,110.0,106.5,108.0,-1.0,1438,1138629,110.0,106.5,110.4,117.075,943479.35
2025-06-18,9921,938209,102430242,108.5,110.5,107.0,109.5,1.5,975,938209,110.5,107.0,109.3,116.45,955906.25
2025-06-19,9921,735760,78920270,109.0,109.0,106.5,106.5,-3.0,835,735760,109.0,106.5,108.4,115.575,966935.25
2025-06-20,9921,1100333,114875027,105.5,106.5,103.0,103.5,-3.0,1471,1100333,106.5,103.0,107.3,114.675,979170.55
2025-06-23,9921,1070395,108820624,102.0,102.5,100.0,102.0,-1.5,1291,1070395,102.5,100.0,105.9,113.75,1016523.95
2025-06-24,9921,1887613,202897809,103.5,110.0,103.0,107.0,5.0,1658,1887613,110.0,103.0,105.7,113.1,1075458.6
2025-06-25,9921,930811,98756825,107.5,107.5,105.5,105.5,-1.5,1056,930811,107.5,105.5,104.9,112.475,1098022.65
2025-06-26,9921,668831,72230249,107.0,109.0,106.5,108.0,2.5,830,668831,109.0,106.5,105.2,111.9,1108700.45
2025-06-27,9921,916387,99775043,108.0,110.0,108.0,109.0,1.0,893,916387,110.0,108.0,106.3,111.4,1123305.1
2025-06-30,9921,972845,105769650,109.5,111.0,107.0,108.5,-0.5,835,972845,111.0,107.0,107.6,110.95,1133249.3
2025-07-01,9921,672281,73121970,109.0,110.0,107.0,108.5,0.0,709,672281,110.0,107.0,107.9,110.5,1138910.7
2025-07-02,9921,299752,32481879,108.5,109.0,107.0,109.0,0.5,381,299752,109.0,107.0,108.6,110.0,1100012.85
2025-07-03,9921,1147294,129886702,109.5,115.0,109.5,114.0,5.0,1234,1147294,115.0,109.5,109.8,109.8,1114968.55
2025-07-04,9921,802467,89976618,114.5,114.5,111.0,111.0,-3.0,855,802467,114.5,111.0,110.2,109.5,1117903.95
2025-07-07,9921,300380,33173632,112.0,112.0,109.5,110.5,-0.5,503,300380,112.0,109.5,110.6,109.175,1090198.05
2025-07-08,9921,657372,71311835,111.5,111.5,107.0,108.5,-2.0,766,657372,111.5,107.0,110.6,108.65,1068101.75
2025-07-09,9921,363284,39387547,107.5,109.5,107.0,108.5,0.0,449,363284,109.5,107.0,110.5,108.325,1016646.25
2025-07-10,9921,262174,28415186,108.0,109.0,107.0,108.5,0.0,420,262174,109.0,107.0,109.4,108.2,934598.05
2025-07-11,9921,749737,82711276,108.5,111.5,107.5,110.5,2.0,713,749737,111.5,107.5,109.3,108.275,868243.5
2025-07-14,9921,720552,77088796,110.5,110.5,106.0,106.0,-4.5,987,720552,110.5,106.0,108.4,108.125,816755.3
2025-07-15,9921,453153,47610335,106.0,106.5,104.0,104.5,-1.5,777,453153,106.5,104.0,107.6,107.95,782481.5
2025-07-16,9921,405947,42577680,104.0,106.0,104.0,104.5,0.0,592,405947,106.0,104.0,106.8,107.7,755868.4
2025-07-17,9921,728680,78140332,104.5,108.0,104.5,107.5,3.0,789,728680,108.0,104.5,106.6,107.75,755514.4
2025-07-18,9921,566695,61179103,108.5,109.0,107.0,108.5,1.0,664,566695,109.0,107.0,106.2,108.0,728832.5
2025-07-21,9921,703725,77669946,108.5,112.0,108.5,109.5,1.0,783,703725,112.0,108.5,106.9,108.375,710499.0
2025-07-22,9921,817469,88455252,109.5,110.0,106.5,107.5,-2.0,843,817469,110.0,106.5,107.5,108.4,656991.8
2025-07-23,9921,3547756,410661481,108.0,118.0,108.0,118.0,10.5,4399,3547756,118.0,108.0,110.2,109.025,787839.05
2025-07-24,9921,3278718,386858171,118.0,120.0,115.0,119.5,1.5,2749,3278718,120.0,115.0,112.6,109.6,918333.4
2025-07-25,9921,1193671,140328889,118.0,118.5,116.0,117.5,-2.0,1181,1193671,118.5,116.0,114.4,110.025,932197.6
2025-07-28,9921,943474,110178632,118.0,118.0,115.5,117.0,-0.5,942,943474,118.0,115.5,115.9,110.45,930729.05
2025-07-29,9921,1041604,121950537,117.5,119.0,115.0,115.0,-2.0,952,1041604,119.0,115.0,117.4,110.775,949195.2
2025-07-30,9921,1198686,140245390,115.5,118.5,113.5,118.5,3.5,1031,1198686,118.5,113.5,117.5,111.25,994141.9
2025-07-31,9921,1238841,143144902,118.5,118.5,114.5,115.0,-3.5,1100,1238841,118.5,114.5,116.6,111.3,998719.25
2025-08-01,9921,712320,81372134,113.5,115.5,112.5,114.0,-1.0,789,712320,115.5,112.5,115.9,111.45,994211.9
2025-08-04,9921,588742,67251112,112.5,116.0,111.5,115.5,1.5,653,588742,116.0,111.5,115.6,111.7,1008630.0
2025-08-05,9921,387074,44795865,116.0,116.5,115.0,115.0,-0.5,551,387074,116.5,115.0,115.6,112.025,995115.1
2025-08-06,9921,474503,54347435,115.0,116.0,114.0,114.0,-1.0,602,474503,116.0,114.0,114.7,112.3,1000676.05
2025-08-07,9921,305666,35049519,115.0,115.5,114.0,114.0,0.0,460,305666,115.5,114.0,114.5,112.575,1002850.65
2025-08-08,9921,836857,93383314,114.0,114.0,110.5,110.5,-3.5,1044,836857,114.0,110.5,113.8,112.575,1007206.65
2025-08-11,9921,2397088,249852812,108.0,108.0,102.0,105.0,-5.5,2405,2397088,108.0,102.0,111.7,112.525,1091033.45
2025-08-12,9921,697792,72975440,105.0,105.5,104.0,104.0,-1.0,914,697792,105.5,104.0,109.5,112.5,1103265.4
2025-08-13,9921,834367,89107810,105.5,108.5,105.0,106.0,2.0,967,834367,108.5,105.0,107.9,112.575,1124686.4
2025-08-14,9921,1001216,109685705,107.5,110.5,107.0,109.5,3.5,1035,1001216,110.5,107.0,107.0,112.675,1138313.2
2025-08-15,9921,646737,70271078,110.0,111.0,107.0,108.5,-1.0,801,646737,111.0,107.0,106.6,112.675,1142315.3
2025-08-18,9921,741758,79474279,108.5,109.0,106.0,107.0,-1.5,976,741758,109.0,106.0,107.0,112.55,1144216.95
2025-08-19,9921,1304265,135712749,106.0,106.5,103.0,103.5,-3.5,1574,1304265,106.5,103.0,106.9,112.35,1168556.75
2025-08-20,9921,862683,89059725,104.0,104.5,102.0,103.0,-0.5,1100,862683,104.5,102.0,106.3,111.6,1034303.1
2025-08-21,9921,1007344,106290328,103.5,108.0,103.5,104.0,1.0,986,1007344,108.0,103.5,105.2,110.825,920734.4
2025-08-22,9921,538018,55654276,104.0,104.5,103.0,103.0,-1.0,1101,538018,104.5,103.0,104.1,110.1,887951.75
2025-08-25,9921,562911,59128011,104.0,106.0,104.0,105.5,2.5,706,562911,106.0,104.0,103.8,109.525,868923.6
2025-08-26,9921,614465,63702269,103.0,105.0,103.0,103.0,0.0,731,614465,105.0,103.0,103.7,108.925,847566.65
2025-08-27,9921,926140,98675286,103.5,108.5,103.5,105.0,2.0,1027,926140,108.5,103.5,104.1,108.25,833939.35
2025-08-28,9921,488554,51265341,105.5,105.5,104.0,104.5,-0.5,652,488554,105.5,104.0,104.2,107.725,796425.0
2025-08-29,9921,513416,53969914,105.0,106.0,104.5,105.0,0.5,561,513416,106.0,104.5,104.6,107.275,786479.8
2025-09-01,9921,423292,44140460,105.0,106.0,103.0,103.0,-2.0,983,423292,106.0,103.0,104.1,106.65,778207.3
2025-09-02,9921,803826,83751569,103.0,106.5,103.0,103.0,0.0,935,803826,106.5,103.0,104.1,106.05,799044.9
2025-09-03,9921,1463871,148695611,104.0,104.5,100.0,101.0,-2.0,2029,1463871,104.5,100.0,103.3,105.4,848513.3
2025-09-04,9921,482299,49578452,101.0,103.5,101.0,103.5,2.5,570,482299,103.5,101.0,103.1,104.875,857344.95
2025-09-05,9921,322356,33196145,104.0,104.0,102.5,103.5,0.0,548,322356,104.0,102.5,102.8,104.525,831619.9
2025-09-08,9921,849999,89366206,102.5,106.0,102.5,105.5,2.0,806,849999,106.0,102.5,103.3,104.55,754265.45
2025-09-09,9921,871258,90034235,105.5,105.5,102.5,102.5,-3.0,965,871258,105.5,102.5,103.2,104.475,762938.75
2025-09-10,9921,722748,74287721,103.0,104.0,101.5,103.0,0.5,756,722748,104.0,101.5,103.6,104.325,757357.8
2025-09-11,9921,1388626,140352717,103.0,103.0,100.5,100.5,-2.5,1495,1388626,103.0,100.5,103.0,103.875,776728.3
2025-09-12,9921,662010,67551044,101.0,102.5,101.0,102.5,2.0,737,662010,102.5,101.0,102.8,103.575,777491.95
2025-09-15,9921,387910,39840278,102.5,103.0,102.0,103.0,0.5,547,387910,103.0,102.0,102.3,103.375,759799.55
2025-09-16,9921,1576851,163984904,103.5,105.0,103.0,103.5,0.5,1299,1576851,105.0,103.0,102.5,103.375,773428.85
2025-09-17,9921,552296,57288339,103.5,105.0,103.0,103.0,-0.5,709,552296,105.0,103.0,102.5,103.375,757909.5
