date,Foreign_Investor,Investment_Trust,Dealer_self
2024-05-21,0,0,0
2024-05-21,0,0,0
2024-05-21,0,0,0
2024-05-21,0,0,0
2024-05-21,0,0,0
2024-05-24,0,0,0
2024-05-24,0,0,0
2024-05-24,0,0,0
2024-05-24,0,0,0
2024-05-24,0,0,0
2024-05-28,0,0,0
2024-05-28,0,0,0
2024-05-28,0,0,0
2024-05-28,0,0,0
2024-05-28,0,0,0
2024-05-29,0,0,0
2024-05-29,0,0,0
2024-05-29,0,0,0
2024-05-29,0,0,0
2024-05-29,0,0,0
2024-06-03,0,0,0
2024-06-03,0,0,0
2024-06-03,0,0,0
2024-06-03,0,0,0
2024-06-03,0,0,0
2024-06-04,0,0,0
2024-06-04,0,0,0
2024-06-04,0,0,0
2024-06-04,0,0,0
2024-06-04,0,0,0
2024-06-05,0,0,0
2024-06-05,0,0,0
2024-06-05,0,0,0
2024-06-05,0,0,0
2024-06-05,0,0,0
2024-06-07,0,0,0
2024-06-07,0,0,0
2024-06-07,0,0,0
2024-06-07,0,0,0
2024-06-07,0,0,0
2024-06-14,0,0,0
2024-06-14,0,0,0
2024-06-14,0,0,0
2024-06-14,0,0,0
2024-06-14,0,0,0
2024-06-18,0,0,0
2024-06-18,0,0,0
2024-06-18,0,0,0
2024-06-18,0,0,0
2024-06-18,0,0,0
2024-06-21,0,0,0
2024-06-21,0,0,0
2024-06-21,0,0,0
2024-06-21,0,0,0
2024-06-21,0,0,0
2024-06-28,0,0,0
2024-06-28,0,0,0
2024-06-28,0,0,0
2024-06-28,0,0,0
2024-06-28,0,0,0
2024-07-01,0,0,0
2024-07-01,0,0,0
2024-07-01,0,0,0
2024-07-01,0,0,0
2024-07-01,0,0,0
2024-07-02,0,0,0
2024-07-02,0,0,0
2024-07-02,0,0,0
2024-07-02,0,0,0
2024-07-02,0,0,0
2024-07-03,0,0,0
2024-07-03,0,0,0
2024-07-03,0,0,0
2024-07-03,0,0,0
2024-07-03,0,0,0
2024-07-04,0,0,0
2024-07-04,0,0,0
2024-07-04,0,0,0
2024-07-04,0,0,0
2024-07-04,0,0,0
2024-07-05,0,0,0
2024-07-05,0,0,0
2024-07-05,0,0,0
2024-07-05,0,0,0
2024-07-05,0,0,0
2024-07-08,0,0,0
2024-07-08,0,0,0
2024-07-08,0,0,0
2024-07-08,0,0,0
2024-07-08,0,0,0
2024-07-09,0,0,0
2024-07-09,0,0,0
2024-07-09,0,0,0
2024-07-09,0,0,0
2024-07-09,0,0,0
2024-07-10,0,0,0
2024-07-10,0,0,0
2024-07-10,0,0,0
2024-07-10,0,0,0
2024-07-10,0,0,0
2024-07-11,0,0,0
2024-07-11,0,0,0
2024-07-11,0,0,0
2024-07-11,0,0,0
2024-07-11,0,0,0
2024-07-12,0,0,0
2024-07-12,0,0,0
2024-07-12,0,0,0
2024-07-12,0,0,0
2024-07-12,0,0,0
2024-07-16,0,0,0
2024-07-16,0,0,0
2024-07-16,0,0,0
2024-07-16,0,0,0
2024-07-16,0,0,0
2024-07-17,0,0,0
2024-07-17,0,0,0
2024-07-17,0,0,0
2024-07-17,0,0,0
2024-07-17,0,0,0
2024-07-18,0,0,0
2024-07-18,0,0,0
2024-07-18,0,0,0
2024-07-18,0,0,0
2024-07-18,0,0,0
2024-07-19,0,0,0
2024-07-19,0,0,0
2024-07-19,0,0,0
2024-07-19,0,0,0
2024-07-19,0,0,0
2024-07-22,0,0,0
2024-07-22,0,0,0
2024-07-22,0,0,0
2024-07-22,0,0,0
2024-07-22,0,0,0
2024-07-23,0,0,0
2024-07-23,0,0,0
2024-07-23,0,0,0
2024-07-23,0,0,0
2024-07-23,0,0,0
2024-07-26,0,0,0
2024-07-26,0,0,0
2024-07-26,0,0,0
2024-07-26,0,0,0
2024-07-26,0,0,0
2024-07-29,0,0,0
2024-07-29,0,0,0
2024-07-29,0,0,0
2024-07-29,0,0,0
2024-07-29,0,0,0
2024-07-31,0,0,0
2024-07-31,0,0,0
2024-07-31,0,0,0
2024-07-31,0,0,0
2024-07-31,0,0,0
2024-08-01,0,0,0
2024-08-01,0,0,0
2024-08-01,0,0,0
2024-08-01,0,0,0
2024-08-01,0,0,0
2024-08-02,0,0,0
2024-08-02,0,0,0
2024-08-02,0,0,0
2024-08-02,0,0,0
2024-08-02,0,0,0
2024-08-05,0,0,0
2024-08-05,0,0,0
2024-08-05,0,0,0
2024-08-05,0,0,0
2024-08-05,0,0,0
2024-08-06,0,0,0
2024-08-06,0,0,0
2024-08-06,0,0,0
2024-08-06,0,0,0
2024-08-06,0,0,0
2024-08-07,0,0,0
2024-08-07,0,0,0
2024-08-07,0,0,0
2024-08-07,0,0,0
2024-08-07,0,0,0
2024-08-08,0,0,0
2024-08-08,0,0,0
2024-08-08,0,0,0
2024-08-08,0,0,0
2024-08-08,0,0,0
2024-08-09,0,0,0
2024-08-09,0,0,0
2024-08-09,0,0,0
2024-08-09,0,0,0
2024-08-09,0,0,0
2024-08-12,0,0,0
2024-08-12,0,0,0
2024-08-12,0,0,0
2024-08-12,0,0,0
2024-08-12,0,0,0
2024-08-13,0,0,0
2024-08-13,0,0,0
2024-08-13,0,0,0
2024-08-13,0,0,0
2024-08-13,0,0,0
2024-08-15,0,0,0
2024-08-15,0,0,0
2024-08-15,0,0,0
2024-08-15,0,0,0
2024-08-15,0,0,0
2024-08-16,0,0,0
2024-08-16,0,0,0
2024-08-16,0,0,0
2024-08-16,0,0,0
2024-08-16,0,0,0
2024-08-19,0,0,0
2024-08-19,0,0,0
2024-08-19,0,0,0
2024-08-19,0,0,0
2024-08-19,0,0,0
2024-08-21,0,0,0
2024-08-21,0,0,0
2024-08-21,0,0,0
2024-08-21,0,0,0
2024-08-21,0,0,0
2024-08-23,0,0,0
2024-08-23,0,0,0
2024-08-23,0,0,0
2024-08-23,0,0,0
2024-08-23,0,0,0
2024-08-26,0,0,0
2024-08-26,0,0,0
2024-08-26,0,0,0
2024-08-26,0,0,0
2024-08-26,0,0,0
2024-08-29,0,0,0
2024-08-29,0,0,0
2024-08-29,0,0,0
2024-08-29,0,0,0
2024-08-29,0,0,0
2024-08-30,0,0,0
2024-08-30,0,0,0
2024-08-30,0,0,0
2024-08-30,0,0,0
2024-08-30,0,0,0
2024-09-02,0,0,0
2024-09-02,0,0,0
2024-09-02,0,0,0
2024-09-02,0,0,0
2024-09-02,0,0,0
2024-09-04,0,0,0
2024-09-04,0,0,0
2024-09-04,0,0,0
2024-09-04,0,0,0
2024-09-04,0,0,0
2024-09-05,0,0,0
2024-09-05,0,0,0
2024-09-05,0,0,0
2024-09-05,0,0,0
2024-09-05,0,0,0
2024-09-09,0,0,0
2024-09-09,0,0,0
2024-09-09,0,0,0
2024-09-09,0,0,0
2024-09-09,0,0,0
2024-09-10,0,0,0
2024-09-10,0,0,0
2024-09-10,0,0,0
2024-09-10,0,0,0
2024-09-10,0,0,0
2024-09-11,0,0,0
2024-09-11,0,0,0
2024-09-11,0,0,0
2024-09-11,0,0,0
2024-09-11,0,0,0
2024-09-12,0,0,0
2024-09-12,0,0,0
2024-09-12,0,0,0
2024-09-12,0,0,0
2024-09-12,0,0,0
2024-09-13,0,0,0
2024-09-13,0,0,0
2024-09-13,0,0,0
2024-09-13,0,0,0
2024-09-13,0,0,0
2024-09-20,0,0,0
2024-09-20,0,0,0
2024-09-20,0,0,0
2024-09-20,0,0,0
2024-09-20,0,0,0
2024-09-24,0,0,0
2024-09-24,0,0,0
2024-09-24,0,0,0
2024-09-24,0,0,0
2024-09-24,0,0,0
2024-09-25,0,0,0
2024-09-25,0,0,0
2024-09-25,0,0,0
2024-09-25,0,0,0
2024-09-25,0,0,0
2024-09-26,0,0,0
2024-09-26,0,0,0
2024-09-26,0,0,0
2024-09-26,0,0,0
2024-09-26,0,0,0
2024-09-30,0,0,0
2024-09-30,0,0,0
2024-09-30,0,0,0
2024-09-30,0,0,0
2024-09-30,0,0,0
2024-10-01,0,0,0
2024-10-01,0,0,0
2024-10-01,0,0,0
2024-10-01,0,0,0
2024-10-01,0,0,0
2024-10-07,0,0,0
2024-10-07,0,0,0
2024-10-07,0,0,0
2024-10-07,0,0,0
2024-10-07,0,0,0
2024-10-08,0,0,0
2024-10-08,0,0,0
2024-10-08,0,0,0
2024-10-08,0,0,0
2024-10-08,0,0,0
2024-10-09,0,0,0
2024-10-09,0,0,0
2024-10-09,0,0,0
2024-10-09,0,0,0
2024-10-09,0,0,0
2024-10-16,0,0,0
2024-10-16,0,0,0
2024-10-16,0,0,0
2024-10-16,0,0,0
2024-10-16,0,0,0
2024-10-18,0,0,0
2024-10-18,0,0,0
2024-10-18,0,0,0
2024-10-18,0,0,0
2024-10-18,0,0,0
2024-10-21,0,0,0
2024-10-21,0,0,0
2024-10-21,0,0,0
2024-10-21,0,0,0
2024-10-21,0,0,0
2024-10-22,0,0,0
2024-10-22,0,0,0
2024-10-22,0,0,0
2024-10-22,0,0,0
2024-10-22,0,0,0
2024-10-23,0,0,0
2024-10-23,0,0,0
2024-10-23,0,0,0
2024-10-23,0,0,0
2024-10-23,0,0,0
2024-10-24,0,0,0
2024-10-24,0,0,0
2024-10-24,0,0,0
2024-10-24,0,0,0
2024-10-24,0,0,0
2024-10-25,0,0,0
2024-10-25,0,0,0
2024-10-25,0,0,0
2024-10-25,0,0,0
2024-10-25,0,0,0
2024-10-28,0,0,0
2024-10-28,0,0,0
2024-10-28,0,0,0
2024-10-28,0,0,0
2024-10-28,0,0,0
2024-11-01,0,0,0
2024-11-01,0,0,0
2024-11-01,0,0,0
2024-11-01,0,0,0
2024-11-01,0,0,0
2024-11-04,0,0,0
2024-11-04,0,0,0
2024-11-04,0,0,0
2024-11-04,0,0,0
2024-11-04,0,0,0
2024-11-11,0,0,0
2024-11-11,0,0,0
2024-11-11,0,0,0
2024-11-11,0,0,0
2024-11-11,0,0,0
2024-11-14,0,0,0
2024-11-14,0,0,0
2024-11-14,0,0,0
2024-11-14,0,0,0
2024-11-14,0,0,0
2024-11-18,0,0,0
2024-11-18,0,0,0
2024-11-18,0,0,0
2024-11-18,0,0,0
2024-11-18,0,0,0
2024-11-19,0,0,0
2024-11-19,0,0,0
2024-11-19,0,0,0
2024-11-19,0,0,0
2024-11-19,0,0,0
2024-11-20,0,0,0
2024-11-20,0,0,0
2024-11-20,0,0,0
2024-11-20,0,0,0
2024-11-20,0,0,0
2024-11-21,0,0,0
2024-11-21,0,0,0
2024-11-21,0,0,0
2024-11-21,0,0,0
2024-11-21,0,0,0
2024-11-22,0,0,0
2024-11-22,0,0,0
2024-11-22,0,0,0
2024-11-22,0,0,0
2024-11-22,0,0,0
2024-11-25,0,0,0
2024-11-25,0,0,0
2024-11-25,0,0,0
2024-11-25,0,0,0
2024-11-25,0,0,0
2024-11-28,0,0,0
2024-11-28,0,0,0
2024-11-28,0,0,0
2024-11-28,0,0,0
2024-11-28,0,0,0
2024-11-29,0,0,0
2024-11-29,0,0,0
2024-11-29,0,0,0
2024-11-29,0,0,0
2024-11-29,0,0,0
2024-12-03,0,0,0
2024-12-03,0,0,0
2024-12-03,0,0,0
2024-12-03,0,0,0
2024-12-03,0,0,0
2024-12-12,0,0,0
2024-12-12,0,0,0
2024-12-12,0,0,0
2024-12-12,0,0,0
2024-12-12,0,0,0
2024-12-18,0,0,0
2024-12-18,0,0,0
2024-12-18,0,0,0
2024-12-18,0,0,0
2024-12-18,0,0,0
2024-12-19,0,0,0
2024-12-19,0,0,0
2024-12-19,0,0,0
2024-12-19,0,0,0
2024-12-19,0,0,0
2024-12-20,0,0,0
2024-12-20,0,0,0
2024-12-20,0,0,0
2024-12-20,0,0,0
2024-12-20,0,0,0
2024-12-23,0,0,0
2024-12-23,0,0,0
2024-12-23,0,0,0
2024-12-23,0,0,0
2024-12-23,0,0,0
2024-12-25,0,0,0
2024-12-25,0,0,0
2024-12-25,0,0,0
2024-12-25,0,0,0
2024-12-25,0,0,0
2024-12-27,0,0,0
2024-12-27,0,0,0
2024-12-27,0,0,0
2024-12-27,0,0,0
2024-12-27,0,0,0
2024-12-31,0,0,0
2024-12-31,0,0,0
2024-12-31,0,0,0
2024-12-31,0,0,0
2024-12-31,0,0,0
2025-01-02,0,0,0
2025-01-02,0,0,0
2025-01-02,0,0,0
2025-01-02,0,0,0
2025-01-02,0,0,0
2025-01-03,0,0,0
2025-01-03,0,0,0
2025-01-03,0,0,0
2025-01-03,0,0,0
2025-01-03,0,0,0
2025-01-06,0,0,0
2025-01-06,0,0,0
2025-01-06,0,0,0
2025-01-06,0,0,0
2025-01-06,0,0,0
2025-01-07,0,0,0
2025-01-07,0,0,0
2025-01-07,0,0,0
2025-01-07,0,0,0
2025-01-07,0,0,0
2025-01-08,0,0,0
2025-01-08,0,0,0
2025-01-08,0,0,0
2025-01-08,0,0,0
2025-01-08,0,0,0
2025-01-09,0,0,0
2025-01-09,0,0,0
2025-01-09,0,0,0
2025-01-09,0,0,0
2025-01-09,0,0,0
2025-01-10,0,0,0
2025-01-10,0,0,0
2025-01-10,0,0,0
2025-01-10,0,0,0
2025-01-10,0,0,0
2025-01-13,0,0,0
2025-01-13,0,0,0
2025-01-13,0,0,0
2025-01-13,0,0,0
2025-01-13,0,0,0
2025-01-14,0,0,0
2025-01-14,0,0,0
2025-01-14,0,0,0
2025-01-14,0,0,0
2025-01-14,0,0,0
2025-01-15,0,0,0
2025-01-15,0,0,0
2025-01-15,0,0,0
2025-01-15,0,0,0
2025-01-15,0,0,0
2025-01-17,0,0,0
2025-01-17,0,0,0
2025-01-17,0,0,0
2025-01-17,0,0,0
2025-01-17,0,0,0
2025-01-20,0,0,0
2025-01-20,0,0,0
2025-01-20,0,0,0
2025-01-20,0,0,0
2025-01-20,0,0,0
2025-01-21,0,0,0
2025-01-21,0,0,0
2025-01-21,0,0,0
2025-01-21,0,0,0
2025-01-21,0,0,0
2025-01-22,0,0,0
2025-01-22,0,0,0
2025-01-22,0,0,0
2025-01-22,0,0,0
2025-01-22,0,0,0
2025-02-03,0,0,0
2025-02-03,0,0,0
2025-02-03,0,0,0
2025-02-03,0,0,0
2025-02-03,0,0,0
2025-02-05,0,0,0
2025-02-05,0,0,0
2025-02-05,0,0,0
2025-02-05,0,0,0
2025-02-05,0,0,0
2025-02-06,0,0,0
2025-02-06,0,0,0
2025-02-06,0,0,0
2025-02-06,0,0,0
2025-02-06,0,0,0
2025-02-07,0,0,0
2025-02-07,0,0,0
2025-02-07,0,0,0
2025-02-07,0,0,0
2025-02-07,0,0,0
2025-02-10,0,0,0
2025-02-10,0,0,0
2025-02-10,0,0,0
2025-02-10,0,0,0
2025-02-10,0,0,0
2025-02-11,0,0,0
2025-02-11,0,0,0
2025-02-11,0,0,0
2025-02-11,0,0,0
2025-02-11,0,0,0
2025-02-12,0,0,0
2025-02-12,0,0,0
2025-02-12,0,0,0
2025-02-12,0,0,0
2025-02-12,0,0,0
2025-02-13,0,0,0
2025-02-13,0,0,0
2025-02-13,0,0,0
2025-02-13,0,0,0
2025-02-13,0,0,0
2025-02-14,0,0,0
2025-02-14,0,0,0
2025-02-14,0,0,0
2025-02-14,0,0,0
2025-02-14,0,0,0
2025-02-17,0,0,0
2025-02-17,0,0,0
2025-02-17,0,0,0
2025-02-17,0,0,0
2025-02-17,0,0,0
2025-02-18,0,0,0
2025-02-18,0,0,0
2025-02-18,0,0,0
2025-02-18,0,0,0
2025-02-18,0,0,0
2025-02-19,0,0,0
2025-02-19,0,0,0
2025-02-19,0,0,0
2025-02-19,0,0,0
2025-02-19,0,0,0
2025-02-20,0,0,0
2025-02-20,0,0,0
2025-02-20,0,0,0
2025-02-20,0,0,0
2025-02-20,0,0,0
2025-02-21,0,0,0
2025-02-21,0,0,0
2025-02-21,0,0,0
2025-02-21,0,0,0
2025-02-21,0,0,0
2025-02-24,0,0,0
2025-02-24,0,0,0
2025-02-24,0,0,0
2025-02-24,0,0,0
2025-02-24,0,0,0
2025-02-25,0,0,0
2025-02-25,0,0,0
2025-02-25,0,0,0
2025-02-25,0,0,0
2025-02-25,0,0,0
2025-02-26,0,0,0
2025-02-26,0,0,0
2025-02-26,0,0,0
2025-02-26,0,0,0
2025-02-26,0,0,0
2025-02-27,0,0,0
2025-02-27,0,0,0
2025-02-27,0,0,0
2025-02-27,0,0,0
2025-02-27,0,0,0
2025-03-03,0,0,0
2025-03-03,0,0,0
2025-03-03,0,0,0
2025-03-03,0,0,0
2025-03-03,0,0,0
2025-03-04,0,0,0
2025-03-04,0,0,0
2025-03-04,0,0,0
2025-03-04,0,0,0
2025-03-04,0,0,0
2025-03-06,0,0,0
2025-03-06,0,0,0
2025-03-06,0,0,0
2025-03-06,0,0,0
2025-03-06,0,0,0
2025-03-10,0,0,0
2025-03-10,0,0,0
2025-03-10,0,0,0
2025-03-10,0,0,0
2025-03-10,0,0,0
2025-03-11,0,0,0
2025-03-11,0,0,0
2025-03-11,0,0,0
2025-03-11,0,0,0
2025-03-11,0,0,0
2025-03-12,0,0,0
2025-03-12,0,0,0
2025-03-12,0,0,0
2025-03-12,0,0,0
2025-03-12,0,0,0
2025-03-13,0,0,0
2025-03-13,0,0,0
2025-03-13,0,0,0
2025-03-13,0,0,0
2025-03-13,0,0,0
2025-03-14,0,0,0
2025-03-14,0,0,0
2025-03-14,0,0,0
2025-03-14,0,0,0
2025-03-14,0,0,0
2025-03-17,0,0,0
2025-03-17,0,0,0
2025-03-17,0,0,0
2025-03-17,0,0,0
2025-03-17,0,0,0
2025-03-20,0,0,0
2025-03-20,0,0,0
2025-03-20,0,0,0
2025-03-20,0,0,0
2025-03-20,0,0,0
2025-03-21,0,0,0
2025-03-21,0,0,0
2025-03-21,0,0,0
2025-03-21,0,0,0
2025-03-21,0,0,0
2025-03-25,0,0,0
2025-03-25,0,0,0
2025-03-25,0,0,0
2025-03-25,0,0,0
2025-03-25,0,0,0
2025-03-26,0,0,0
2025-03-26,0,0,0
2025-03-26,0,0,0
2025-03-26,0,0,0
2025-03-26,0,0,0
2025-03-27,0,0,0
2025-03-27,0,0,0
2025-03-27,0,0,0
2025-03-27,0,0,0
2025-03-27,0,0,0
2025-03-28,0,0,0
2025-03-28,0,0,0
2025-03-28,0,0,0
2025-03-28,0,0,0
2025-03-28,0,0,0
2025-03-31,0,0,0
2025-03-31,0,0,0
2025-03-31,0,0,0
2025-03-31,0,0,0
2025-03-31,0,0,0
2025-04-01,0,0,0
2025-04-01,0,0,0
2025-04-01,0,0,0
2025-04-01,0,0,0
2025-04-01,0,0,0
2025-04-02,0,0,0
2025-04-02,0,0,0
2025-04-02,0,0,0
2025-04-02,0,0,0
2025-04-02,0,0,0
2025-04-07,0,0,0
2025-04-07,0,0,0
2025-04-07,0,0,0
2025-04-07,0,0,0
2025-04-07,0,0,0
2025-04-08,0,0,0
2025-04-08,0,0,0
2025-04-08,0,0,0
2025-04-08,0,0,0
2025-04-08,0,0,0
2025-04-09,0,0,0
2025-04-09,0,0,0
2025-04-09,0,0,0
2025-04-09,0,0,0
2025-04-09,0,0,0
2025-04-10,0,0,0
2025-04-10,0,0,0
2025-04-10,0,0,0
2025-04-10,0,0,0
2025-04-10,0,0,0
2025-04-11,0,0,0
2025-04-11,0,0,0
2025-04-11,0,0,0
2025-04-11,0,0,0
2025-04-11,0,0,0
2025-04-14,0,0,0
2025-04-14,0,0,0
2025-04-14,0,0,0
2025-04-14,0,0,0
2025-04-14,0,0,0
2025-04-15,0,0,0
2025-04-15,0,0,0
2025-04-15,0,0,0
2025-04-15,0,0,0
2025-04-15,0,0,0
2025-04-16,0,0,0
2025-04-16,0,0,0
2025-04-16,0,0,0
2025-04-16,0,0,0
2025-04-16,0,0,0
2025-04-18,0,0,0
2025-04-18,0,0,0
2025-04-18,0,0,0
2025-04-18,0,0,0
2025-04-18,0,0,0
2025-04-21,0,0,0
2025-04-21,0,0,0
2025-04-21,0,0,0
2025-04-21,0,0,0
2025-04-21,0,0,0
2025-04-23,0,0,0
2025-04-23,0,0,0
2025-04-23,0,0,0
2025-04-23,0,0,0
2025-04-23,0,0,0
2025-04-24,0,0,0
2025-04-24,0,0,0
2025-04-24,0,0,0
2025-04-24,0,0,0
2025-04-24,0,0,0
2025-04-25,0,0,0
2025-04-25,0,0,0
2025-04-25,0,0,0
2025-04-25,0,0,0
2025-04-25,0,0,0
2025-04-28,0,0,0
2025-04-28,0,0,0
2025-04-28,0,0,0
2025-04-28,0,0,0
2025-04-28,0,0,0
2025-04-29,0,0,0
2025-04-29,0,0,0
2025-04-29,0,0,0
2025-04-29,0,0,0
2025-04-29,0,0,0
2025-04-30,0,0,0
2025-04-30,0,0,0
2025-04-30,0,0,0
2025-04-30,0,0,0
2025-04-30,0,0,0
2025-05-02,0,0,0
2025-05-02,0,0,0
2025-05-02,0,0,0
2025-05-02,0,0,0
2025-05-02,0,0,0
2025-05-05,0,0,0
2025-05-05,0,0,0
2025-05-05,0,0,0
2025-05-05,0,0,0
2025-05-05,0,0,0
2025-05-06,0,0,0
2025-05-06,0,0,0
2025-05-06,0,0,0
2025-05-06,0,0,0
2025-05-06,0,0,0
2025-05-07,0,0,0
2025-05-07,0,0,0
2025-05-07,0,0,0
2025-05-07,0,0,0
2025-05-07,0,0,0
2025-05-08,0,0,0
2025-05-08,0,0,0
2025-05-08,0,0,0
2025-05-08,0,0,0
2025-05-08,0,0,0
2025-05-09,0,0,0
2025-05-09,0,0,0
2025-05-09,0,0,0
2025-05-09,0,0,0
2025-05-09,0,0,0
2025-05-12,0,0,0
2025-05-12,0,0,0
2025-05-12,0,0,0
2025-05-12,0,0,0
2025-05-12,0,0,0
2025-05-13,0,0,0
2025-05-13,0,0,0
2025-05-13,0,0,0
2025-05-13,0,0,0
2025-05-13,0,0,0
2025-05-14,0,0,0
2025-05-14,0,0,0
2025-05-14,0,0,0
2025-05-14,0,0,0
2025-05-14,0,0,0
2025-05-20,0,0,0
2025-05-20,0,0,0
2025-05-20,0,0,0
2025-05-20,0,0,0
2025-05-20,0,0,0
2025-05-21,0,0,0
2025-05-21,0,0,0
2025-05-21,0,0,0
2025-05-21,0,0,0
2025-05-21,0,0,0
2025-05-26,0,0,0
2025-05-26,0,0,0
2025-05-26,0,0,0
2025-05-26,0,0,0
2025-05-26,0,0,0
2025-05-27,0,0,0
2025-05-27,0,0,0
2025-05-27,0,0,0
2025-05-27,0,0,0
2025-05-27,0,0,0
2025-06-02,0,0,0
2025-06-02,0,0,0
2025-06-02,0,0,0
2025-06-02,0,0,0
2025-06-02,0,0,0
2025-06-03,0,0,0
2025-06-03,0,0,0
2025-06-03,0,0,0
2025-06-03,0,0,0
2025-06-03,0,0,0
2025-06-04,0,0,0
2025-06-04,0,0,0
2025-06-04,0,0,0
2025-06-04,0,0,0
2025-06-04,0,0,0
2025-06-05,0,0,0
2025-06-05,0,0,0
2025-06-05,0,0,0
2025-06-05,0,0,0
2025-06-05,0,0,0
2025-06-10,0,0,0
2025-06-10,0,0,0
2025-06-10,0,0,0
2025-06-10,0,0,0
2025-06-10,0,0,0
2025-06-11,0,0,0
2025-06-11,0,0,0
2025-06-11,0,0,0
2025-06-11,0,0,0
2025-06-11,0,0,0
2025-06-13,0,0,0
2025-06-13,0,0,0
2025-06-13,0,0,0
2025-06-13,0,0,0
2025-06-13,0,0,0
2025-06-16,0,0,0
2025-06-16,0,0,0
2025-06-16,0,0,0
2025-06-16,0,0,0
2025-06-16,0,0,0
2025-06-17,0,0,0
2025-06-17,0,0,0
2025-06-17,0,0,0
2025-06-17,0,0,0
2025-06-17,0,0,0
2025-06-18,0,0,0
2025-06-18,0,0,0
2025-06-18,0,0,0
2025-06-18,0,0,0
2025-06-18,0,0,0
2025-06-19,0,0,0
2025-06-19,0,0,0
2025-06-19,0,0,0
2025-06-19,0,0,0
2025-06-19,0,0,0
2025-06-20,0,0,0
2025-06-20,0,0,0
2025-06-20,0,0,0
2025-06-20,0,0,0
2025-06-20,0,0,0
2025-06-23,0,0,0
2025-06-23,0,0,0
2025-06-23,0,0,0
2025-06-23,0,0,0
2025-06-23,0,0,0
2025-06-24,0,0,0
2025-06-24,0,0,0
2025-06-24,0,0,0
2025-06-24,0,0,0
2025-06-24,0,0,0
2025-06-26,0,0,0
2025-06-26,0,0,0
2025-06-26,0,0,0
2025-06-26,0,0,0
2025-06-26,0,0,0
2025-06-27,0,0,0
2025-06-27,0,0,0
2025-06-27,0,0,0
2025-06-27,0,0,0
2025-06-27,0,0,0
2025-06-30,0,0,0
2025-06-30,0,0,0
2025-06-30,0,0,0
2025-06-30,0,0,0
2025-06-30,0,0,0
2025-07-01,0,0,0
2025-07-01,0,0,0
2025-07-01,0,0,0
2025-07-01,0,0,0
2025-07-01,0,0,0
2025-07-03,0,0,0
2025-07-03,0,0,0
2025-07-03,0,0,0
2025-07-03,0,0,0
2025-07-03,0,0,0
2025-07-04,0,0,0
2025-07-04,0,0,0
2025-07-04,0,0,0
2025-07-04,0,0,0
2025-07-04,0,0,0
2025-07-07,0,0,0
2025-07-07,0,0,0
2025-07-07,0,0,0
2025-07-07,0,0,0
2025-07-07,0,0,0
2025-07-08,0,0,0
2025-07-08,0,0,0
2025-07-08,0,0,0
2025-07-08,0,0,0
2025-07-08,0,0,0
2025-07-09,0,0,0
2025-07-09,0,0,0
2025-07-09,0,0,0
2025-07-09,0,0,0
2025-07-09,0,0,0
2025-07-10,0,0,0
2025-07-10,0,0,0
2025-07-10,0,0,0
2025-07-10,0,0,0
2025-07-10,0,0,0
2025-07-14,0,0,0
2025-07-14,0,0,0
2025-07-14,0,0,0
2025-07-14,0,0,0
2025-07-14,0,0,0
2025-07-15,0,0,0
2025-07-15,0,0,0
2025-07-15,0,0,0
2025-07-15,0,0,0
2025-07-15,0,0,0
2025-07-16,0,0,0
2025-07-16,0,0,0
2025-07-16,0,0,0
2025-07-16,0,0,0
2025-07-16,0,0,0
2025-07-21,0,0,0
2025-07-21,0,0,0
2025-07-21,0,0,0
2025-07-21,0,0,0
2025-07-21,0,0,0
2025-07-22,0,0,0
2025-07-22,0,0,0
2025-07-22,0,0,0
2025-07-22,0,0,0
2025-07-22,0,0,0
2025-07-24,0,0,0
2025-07-24,0,0,0
2025-07-24,0,0,0
2025-07-24,0,0,0
2025-07-24,0,0,0
2025-07-25,0,0,0
2025-07-25,0,0,0
2025-07-25,0,0,0
2025-07-25,0,0,0
2025-07-25,0,0,0
2025-07-28,0,0,0
2025-07-28,0,0,0
2025-07-28,0,0,0
2025-07-28,0,0,0
2025-07-28,0,0,0
2025-07-29,0,0,0
2025-07-29,0,0,0
2025-07-29,0,0,0
2025-07-29,0,0,0
2025-07-29,0,0,0
2025-07-30,0,0,0
2025-07-30,0,0,0
2025-07-30,0,0,0
2025-07-30,0,0,0
2025-07-30,0,0,0
2025-07-31,0,0,0
2025-07-31,0,0,0
2025-07-31,0,0,0
2025-07-31,0,0,0
2025-07-31,0,0,0
2025-08-01,0,0,0
2025-08-01,0,0,0
2025-08-01,0,0,0
2025-08-01,0,0,0
2025-08-01,0,0,0
2025-08-04,0,0,0
2025-08-04,0,0,0
2025-08-04,0,0,0
2025-08-04,0,0,0
2025-08-04,0,0,0
2025-08-05,0,0,0
2025-08-05,0,0,0
2025-08-05,0,0,0
2025-08-05,0,0,0
2025-08-05,0,0,0
2025-08-06,0,0,0
2025-08-06,0,0,0
2025-08-06,0,0,0
2025-08-06,0,0,0
2025-08-06,0,0,0
2025-08-07,0,0,0
2025-08-07,0,0,0
2025-08-07,0,0,0
2025-08-07,0,0,0
2025-08-07,0,0,0
2025-08-08,0,0,0
2025-08-08,0,0,0
2025-08-08,0,0,0
2025-08-08,0,0,0
2025-08-08,0,0,0
2025-08-11,0,0,0
2025-08-11,0,0,0
2025-08-11,0,0,0
2025-08-11,0,0,0
2025-08-11,0,0,0
2025-08-12,0,0,0
2025-08-12,0,0,0
2025-08-12,0,0,0
2025-08-12,0,0,0
2025-08-12,0,0,0
2025-08-13,0,0,0
2025-08-13,0,0,0
2025-08-13,0,0,0
2025-08-13,0,0,0
2025-08-13,0,0,0
2025-08-14,0,0,0
2025-08-14,0,0,0
2025-08-14,0,0,0
2025-08-14,0,0,0
2025-08-14,0,0,0
2025-08-15,0,0,0
2025-08-15,0,0,0
2025-08-15,0,0,0
2025-08-15,0,0,0
2025-08-15,0,0,0
2025-08-18,0,0,0
2025-08-18,0,0,0
2025-08-18,0,0,0
2025-08-18,0,0,0
2025-08-18,0,0,0
2025-08-19,0,0,0
2025-08-19,0,0,0
2025-08-19,0,0,0
2025-08-19,0,0,0
2025-08-19,0,0,0
2025-08-20,0,0,0
2025-08-20,0,0,0
2025-08-20,0,0,0
2025-08-20,0,0,0
2025-08-20,0,0,0
2025-08-21,0,0,0
2025-08-21,0,0,0
2025-08-21,0,0,0
2025-08-21,0,0,0
2025-08-21,0,0,0
2025-08-22,0,0,0
2025-08-22,0,0,0
2025-08-22,0,0,0
2025-08-22,0,0,0
2025-08-22,0,0,0
2025-08-25,0,0,0
2025-08-25,0,0,0
2025-08-25,0,0,0
2025-08-25,0,0,0
2025-08-25,0,0,0
2025-08-26,0,0,0
2025-08-26,0,0,0
2025-08-26,0,0,0
2025-08-26,0,0,0
2025-08-26,0,0,0
2025-08-27,0,0,0
2025-08-27,0,0,0
2025-08-27,0,0,0
2025-08-27,0,0,0
2025-08-27,0,0,0
2025-08-28,0,0,0
2025-08-28,0,0,0
2025-08-28,0,0,0
2025-08-28,0,0,0
2025-08-28,0,0,0
2025-08-29,0,0,0
2025-08-29,0,0,0
2025-08-29,0,0,0
2025-08-29,0,0,0
2025-08-29,0,0,0
2025-09-01,0,0,0
2025-09-01,0,0,0
2025-09-01,0,0,0
2025-09-01,0,0,0
2025-09-01,0,0,0
2025-09-02,0,0,0
2025-09-02,0,0,0
2025-09-02,0,0,0
2025-09-02,0,0,0
2025-09-02,0,0,0
2025-09-03,0,0,0
2025-09-03,0,0,0
2025-09-03,0,0,0
2025-09-03,0,0,0
2025-09-03,0,0,0
2025-09-05,0,0,0
2025-09-05,0,0,0
2025-09-05,0,0,0
2025-09-05,0,0,0
2025-09-05,0,0,0
2025-09-08,0,0,0
2025-09-08,0,0,0
2025-09-08,0,0,0
2025-09-08,0,0,0
2025-09-08,0,0,0
2025-09-09,0,0,0
2025-09-09,0,0,0
2025-09-09,0,0,0
2025-09-09,0,0,0
2025-09-09,0,0,0
2025-09-10,0,0,0
2025-09-10,0,0,0
2025-09-10,0,0,0
2025-09-10,0,0,0
2025-09-10,0,0,0
2025-09-11,0,0,0
2025-09-11,0,0,0
2025-09-11,0,0,0
2025-09-11,0,0,0
2025-09-11,0,0,0
2025-09-12,0,0,0
2025-09-12,0,0,0
2025-09-12,0,0,0
2025-09-12,0,0,0
2025-09-12,0,0,0
2025-09-15,0,0,0
2025-09-15,0,0,0
2025-09-15,0,0,0
2025-09-15,0,0,0
2025-09-15,0,0,0
2025-09-16,0,0,0
2025-09-16,0,0,0
2025-09-16,0,0,0
2025-09-16,0,0,0
2025-09-16,0,0,0
2025-09-17,0,0,0
2025-09-17,0,0,0
2025-09-17,0,0,0
2025-09-17,0,0,0
2025-09-17,0,0,0
